timestamp,chain,token_id,symbol,price
1631768400.0,ethereum,0x2260fac5e5542a773aa44fbcfedf7c193bc2c599,BTC,48412.25767166429
1632978000.0,ethereum,0x2260fac5e5542a773aa44fbcfedf7c193bc2c599,BTC,43572.46729493109
1634187600.0,ethereum,0x2260fac5e5542a773aa44fbcfedf7c193bc2c599,BTC,58212.76594066776
1635397200.0,ethereum,0x2260fac5e5542a773aa44fbcfedf7c193bc2c599,BTC,58957.68905456668
1636610400.0,ethereum,0x2260fac5e5542a773aa44fbcfedf7c193bc2c599,BTC,65004.50333661189
1637820000.0,ethereum,0x2260fac5e5542a773aa44fbcfedf7c193bc2c599,BTC,57191.25974829515
1639029600.0,ethereum,0x2260fac5e5542a773aa44fbcfedf7c193bc2c599,BTC,49779.26025632073
1640239200.0,ethereum,0x2260fac5e5542a773aa44fbcfedf7c193bc2c599,BTC,48445.0
1641448800.0,ethereum,0x2260fac5e5542a773aa44fbcfedf7c193bc2c599,BTC,43149.21517258676
1642658400.0,ethereum,0x2260fac5e5542a773aa44fbcfedf7c193bc2c599,BTC,41917.84367580478
1643868000.0,ethereum,0x2260fac5e5542a773aa44fbcfedf7c193bc2c599,BTC,37040.1282706595
1645077600.0,ethereum,0x2260fac5e5542a773aa44fbcfedf7c193bc2c599,BTC,43620.7539101867
1646287200.0,ethereum,0x2260fac5e5542a773aa44fbcfedf7c193bc2c599,BTC,43454.87773310676
1647493200.0,ethereum,0x2260fac5e5542a773aa44fbcfedf7c193bc2c599,BTC,41176.693760859824
1648702800.0,ethereum,0x2260fac5e5542a773aa44fbcfedf7c193bc2c599,BTC,47026.31623880228
1649912400.0,ethereum,0x2260fac5e5542a773aa44fbcfedf7c193bc2c599,BTC,41330.57700680184
1651122000.0,ethereum,0x2260fac5e5542a773aa44fbcfedf7c193bc2c599,BTC,39316.39556733144
1652331600.0,ethereum,0x2260fac5e5542a773aa44fbcfedf7c193bc2c599,BTC,27504.655247755447
1653541200.0,ethereum,0x2260fac5e5542a773aa44fbcfedf7c193bc2c599,BTC,29727.42359754247
1654750800.0,ethereum,0x2260fac5e5542a773aa44fbcfedf7c193bc2c599,BTC,30289.22469047153
1655960400.0,ethereum,0x2260fac5e5542a773aa44fbcfedf7c193bc2c599,BTC,20387.34169970037
1657170000.0,ethereum,0x2260fac5e5542a773aa44fbcfedf7c193bc2c599,BTC,20418.216795288936
1658379600.0,ethereum,0x2260fac5e5542a773aa44fbcfedf7c193bc2c599,BTC,22918.897738991323
1659589200.0,ethereum,0x2260fac5e5542a773aa44fbcfedf7c193bc2c599,BTC,23148.790208098708
1660798800.0,ethereum,0x2260fac5e5542a773aa44fbcfedf7c193bc2c599,BTC,23370.975318698387
1662008400.0,ethereum,0x2260fac5e5542a773aa44fbcfedf7c193bc2c599,BTC,20088.989224346496
1663218000.0,ethereum,0x2260fac5e5542a773aa44fbcfedf7c193bc2c599,BTC,20081.9240229318
1664427600.0,ethereum,0x2260fac5e5542a773aa44fbcfedf7c193bc2c599,BTC,19557.37360084857
1665637200.0,ethereum,0x2260fac5e5542a773aa44fbcfedf7c193bc2c599,BTC,19077.883855929773
1666846800.0,ethereum,0x2260fac5e5542a773aa44fbcfedf7c193bc2c599,BTC,20851.0
1668060000.0,ethereum,0x2260fac5e5542a773aa44fbcfedf7c193bc2c599,BTC,16719.282065764583
1669269600.0,ethereum,0x2260fac5e5542a773aa44fbcfedf7c193bc2c599,BTC,16618.7370067906
1670479200.0,ethereum,0x2260fac5e5542a773aa44fbcfedf7c193bc2c599,BTC,16747.618303407875
1671688800.0,ethereum,0x2260fac5e5542a773aa44fbcfedf7c193bc2c599,BTC,16813.640165892655
1672898400.0,ethereum,0x2260fac5e5542a773aa44fbcfedf7c193bc2c599,BTC,16836.57077409772
1674108000.0,ethereum,0x2260fac5e5542a773aa44fbcfedf7c193bc2c599,BTC,20792.0
1675317600.0,ethereum,0x2260fac5e5542a773aa44fbcfedf7c193bc2c599,BTC,23822.0
1676527200.0,ethereum,0x2260fac5e5542a773aa44fbcfedf7c193bc2c599,BTC,24643.10080296144
1677736800.0,ethereum,0x2260fac5e5542a773aa44fbcfedf7c193bc2c599,BTC,23487.0
1678942800.0,ethereum,0x2260fac5e5542a773aa44fbcfedf7c193bc2c599,BTC,24441.0
1680152400.0,ethereum,0x2260fac5e5542a773aa44fbcfedf7c193bc2c599,BTC,28646.018580392585
1681362000.0,ethereum,0x2260fac5e5542a773aa44fbcfedf7c193bc2c599,BTC,30063.0
1682571600.0,ethereum,0x2260fac5e5542a773aa44fbcfedf7c193bc2c599,BTC,29039.0
1683781200.0,ethereum,0x2260fac5e5542a773aa44fbcfedf7c193bc2c599,BTC,27498.0
1684990800.0,ethereum,0x2260fac5e5542a773aa44fbcfedf7c193bc2c599,BTC,26227.0
1686200400.0,ethereum,0x2260fac5e5542a773aa44fbcfedf7c193bc2c599,BTC,26422.0
1687410000.0,ethereum,0x2260fac5e5542a773aa44fbcfedf7c193bc2c599,BTC,30282.0
1688619600.0,ethereum,0x2260fac5e5542a773aa44fbcfedf7c193bc2c599,BTC,30500.0
1689829200.0,ethereum,0x2260fac5e5542a773aa44fbcfedf7c193bc2c599,BTC,29989.0
1691038800.0,ethereum,0x2260fac5e5542a773aa44fbcfedf7c193bc2c599,BTC,29085.0
1692248400.0,ethereum,0x2260fac5e5542a773aa44fbcfedf7c193bc2c599,BTC,28588.565952652425
1693458000.0,ethereum,0x2260fac5e5542a773aa44fbcfedf7c193bc2c599,BTC,27277.0
1694667600.0,ethereum,0x2260fac5e5542a773aa44fbcfedf7c193bc2c599,BTC,26200.89609500312
1695877200.0,ethereum,0x2260fac5e5542a773aa44fbcfedf7c193bc2c599,BTC,26406.0
1697086800.0,ethereum,0x2260fac5e5542a773aa44fbcfedf7c193bc2c599,BTC,26840.0
1698296400.0,ethereum,0x2260fac5e5542a773aa44fbcfedf7c193bc2c599,BTC,34721.0
1699509600.0,ethereum,0x2260fac5e5542a773aa44fbcfedf7c193bc2c599,BTC,36616.0
1700719200.0,ethereum,0x2260fac5e5542a773aa44fbcfedf7c193bc2c599,BTC,37338.0
1701928800.0,ethereum,0x2260fac5e5542a773aa44fbcfedf7c193bc2c599,BTC,43904.0
1631768400.0,ethereum,0x0000000000000000000000000000000000000000,ETH,3655.0403495827695
1632978000.0,ethereum,0x0000000000000000000000000000000000000000,ETH,3027.3718489273715
1634187600.0,ethereum,0x0000000000000000000000000000000000000000,ETH,3655.2339692330206
1635397200.0,ethereum,0x0000000000000000000000000000000000000000,ETH,3995.278162515839
1636610400.0,ethereum,0x0000000000000000000000000000000000000000,ETH,4662.859260200846
1637820000.0,ethereum,0x0000000000000000000000000000000000000000,ETH,4281.299054138131
1639029600.0,ethereum,0x0000000000000000000000000000000000000000,ETH,4391.518795833521
1640239200.0,ethereum,0x0000000000000000000000000000000000000000,ETH,3963.9954612560846
1641448800.0,ethereum,0x0000000000000000000000000000000000000000,ETH,3467.8724981719142
1642658400.0,ethereum,0x0000000000000000000000000000000000000000,ETH,3127.44948546355
1643868000.0,ethereum,0x0000000000000000000000000000000000000000,ETH,2664.38018477279
1645077600.0,ethereum,0x0000000000000000000000000000000000000000,ETH,3070.5780279658675
1646287200.0,ethereum,0x0000000000000000000000000000000000000000,ETH,2903.991641907526
1647493200.0,ethereum,0x0000000000000000000000000000000000000000,ETH,2767.305317190986
1648702800.0,ethereum,0x0000000000000000000000000000000000000000,ETH,3390.812075215309
1649912400.0,ethereum,0x0000000000000000000000000000000000000000,ETH,3113.433966070272
1651122000.0,ethereum,0x0000000000000000000000000000000000000000,ETH,2886.906498098474
1652331600.0,ethereum,0x0000000000000000000000000000000000000000,ETH,1902.4394774614057
1653541200.0,ethereum,0x0000000000000000000000000000000000000000,ETH,1939.9959072673764
1654750800.0,ethereum,0x0000000000000000000000000000000000000000,ETH,1798.7476512384364
1655960400.0,ethereum,0x0000000000000000000000000000000000000000,ETH,1087.654959562513
1657170000.0,ethereum,0x0000000000000000000000000000000000000000,ETH,1171.3955916200875
1658379600.0,ethereum,0x0000000000000000000000000000000000000000,ETH,1488.1002528595243
1659589200.0,ethereum,0x0000000000000000000000000000000000000000,ETH,1656.920687448929
1660798800.0,ethereum,0x0000000000000000000000000000000000000000,ETH,1847.0262510935725
1662008400.0,ethereum,0x0000000000000000000000000000000000000000,ETH,1556.451984474967
1663218000.0,ethereum,0x0000000000000000000000000000000000000000,ETH,1604.8051328228623
1664427600.0,ethereum,0x0000000000000000000000000000000000000000,ETH,1343.2126271665977
1665637200.0,ethereum,0x0000000000000000000000000000000000000000,ETH,1284.31
1666846800.0,ethereum,0x0000000000000000000000000000000000000000,ETH,1560.73
1668060000.0,ethereum,0x0000000000000000000000000000000000000000,ETH,1189.9788428448169
1669269600.0,ethereum,0x0000000000000000000000000000000000000000,ETH,1202.686709834268
1670479200.0,ethereum,0x0000000000000000000000000000000000000000,ETH,1229.417968355209
1671688800.0,ethereum,0x0000000000000000000000000000000000000000,ETH,1212.0
1672898400.0,ethereum,0x0000000000000000000000000000000000000000,ETH,1253.3369779168029
1674108000.0,ethereum,0x0000000000000000000000000000000000000000,ETH,1528.0329758874148
1675317600.0,ethereum,0x0000000000000000000000000000000000000000,ETH,1671.8831481627276
1676527200.0,ethereum,0x0000000000000000000000000000000000000000,ETH,1693.609646464912
1677736800.0,ethereum,0x0000000000000000000000000000000000000000,ETH,1645.18
1678942800.0,ethereum,0x0000000000000000000000000000000000000000,ETH,1647.1984425766318
1680152400.0,ethereum,0x0000000000000000000000000000000000000000,ETH,1799.2781001785745
1681362000.0,ethereum,0x0000000000000000000000000000000000000000,ETH,1914.77
1682571600.0,ethereum,0x0000000000000000000000000000000000000000,ETH,1908.4
1683781200.0,ethereum,0x0000000000000000000000000000000000000000,ETH,1830.7
1684990800.0,ethereum,0x0000000000000000000000000000000000000000,ETH,1778.45
1686200400.0,ethereum,0x0000000000000000000000000000000000000000,ETH,1837.78
1687410000.0,ethereum,0x0000000000000000000000000000000000000000,ETH,1916.96
1688619600.0,ethereum,0x0000000000000000000000000000000000000000,ETH,1911.28
1689829200.0,ethereum,0x0000000000000000000000000000000000000000,ETH,1895.38
1691038800.0,ethereum,0x0000000000000000000000000000000000000000,ETH,1836.22
1692248400.0,ethereum,0x0000000000000000000000000000000000000000,ETH,1796.6414956673768
1693458000.0,ethereum,0x0000000000000000000000000000000000000000,ETH,1700.7583605112166
1694667600.0,ethereum,0x0000000000000000000000000000000000000000,ETH,1615.5527598525032
1695877200.0,ethereum,0x0000000000000000000000000000000000000000,ETH,1609.16
1697086800.0,ethereum,0x0000000000000000000000000000000000000000,ETH,1561.58
1698296400.0,ethereum,0x0000000000000000000000000000000000000000,ETH,1807.97
1699509600.0,ethereum,0x0000000000000000000000000000000000000000,ETH,1918.3
1700719200.0,ethereum,0x0000000000000000000000000000000000000000,ETH,2063.49
1701928800.0,ethereum,0x0000000000000000000000000000000000000000,ETH,2264.5
1631768400.0,ethereum,0xd533a949740bb3306d119cc777fa900ba034cd52,CRV,3.305260330599944
1632978000.0,ethereum,0xd533a949740bb3306d119cc777fa900ba034cd52,CRV,2.369421303852172
1634187600.0,ethereum,0xd533a949740bb3306d119cc777fa900ba034cd52,CRV,3.0743565832856032
1635397200.0,ethereum,0xd533a949740bb3306d119cc777fa900ba034cd52,CRV,5.148373486659413
1636610400.0,ethereum,0xd533a949740bb3306d119cc777fa900ba034cd52,CRV,4.284781806990042
1637820000.0,ethereum,0xd533a949740bb3306d119cc777fa900ba034cd52,CRV,5.829478047684064
1639029600.0,ethereum,0xd533a949740bb3306d119cc777fa900ba034cd52,CRV,4.05199712586769
1640239200.0,ethereum,0xd533a949740bb3306d119cc777fa900ba034cd52,CRV,5.08728473086264
1641448800.0,ethereum,0xd533a949740bb3306d119cc777fa900ba034cd52,CRV,5.306318436558945
1642658400.0,ethereum,0xd533a949740bb3306d119cc777fa900ba034cd52,CRV,4.283905252113137
1643868000.0,ethereum,0xd533a949740bb3306d119cc777fa900ba034cd52,CRV,3.112556497560725
1645077600.0,ethereum,0xd533a949740bb3306d119cc777fa900ba034cd52,CRV,3.1563566227951068
1646287200.0,ethereum,0xd533a949740bb3306d119cc777fa900ba034cd52,CRV,2.5757682844785306
1647493200.0,ethereum,0xd533a949740bb3306d119cc777fa900ba034cd52,CRV,2.07922109162652
1648702800.0,ethereum,0xd533a949740bb3306d119cc777fa900ba034cd52,CRV,2.9141624755310267
1649912400.0,ethereum,0xd533a949740bb3306d119cc777fa900ba034cd52,CRV,2.299102531824911
1651122000.0,ethereum,0xd533a949740bb3306d119cc777fa900ba034cd52,CRV,2.4737930668416777
1652331600.0,ethereum,0xd533a949740bb3306d119cc777fa900ba034cd52,CRV,1.271188716574971
1653541200.0,ethereum,0xd533a949740bb3306d119cc777fa900ba034cd52,CRV,1.2459921470911737
1654750800.0,ethereum,0xd533a949740bb3306d119cc777fa900ba034cd52,CRV,1.1579178173083309
1655960400.0,ethereum,0xd533a949740bb3306d119cc777fa900ba034cd52,CRV,0.7459314746419732
1657170000.0,ethereum,0xd533a949740bb3306d119cc777fa900ba034cd52,CRV,0.9504547079055746
1658379600.0,ethereum,0xd533a949740bb3306d119cc777fa900ba034cd52,CRV,1.1357493855086702
1659589200.0,ethereum,0xd533a949740bb3306d119cc777fa900ba034cd52,CRV,1.3841624581391423
1660798800.0,ethereum,0xd533a949740bb3306d119cc777fa900ba034cd52,CRV,1.1941409230620337
1662008400.0,ethereum,0xd533a949740bb3306d119cc777fa900ba034cd52,CRV,1.117768756748348
1663218000.0,ethereum,0xd533a949740bb3306d119cc777fa900ba034cd52,CRV,1.0355985657187647
1664427600.0,ethereum,0xd533a949740bb3306d119cc777fa900ba034cd52,CRV,0.9333183434059
1665637200.0,ethereum,0xd533a949740bb3306d119cc777fa900ba034cd52,CRV,0.800711
1666846800.0,ethereum,0xd533a949740bb3306d119cc777fa900ba034cd52,CRV,0.9402468650945562
1668060000.0,ethereum,0xd533a949740bb3306d119cc777fa900ba034cd52,CRV,0.6175039994583187
1669269600.0,ethereum,0xd533a949740bb3306d119cc777fa900ba034cd52,CRV,0.6773388147270937
1670479200.0,ethereum,0xd533a949740bb3306d119cc777fa900ba034cd52,CRV,0.652874
1671688800.0,ethereum,0xd533a949740bb3306d119cc777fa900ba034cd52,CRV,0.5156077839810368
1672898400.0,ethereum,0xd533a949740bb3306d119cc777fa900ba034cd52,CRV,0.5585709808786034
1674108000.0,ethereum,0xd533a949740bb3306d119cc777fa900ba034cd52,CRV,0.9145404166694628
1675317600.0,ethereum,0xd533a949740bb3306d119cc777fa900ba034cd52,CRV,1.14
1676527200.0,ethereum,0xd533a949740bb3306d119cc777fa900ba034cd52,CRV,1.15
1677736800.0,ethereum,0xd533a949740bb3306d119cc777fa900ba034cd52,CRV,1.005
1678942800.0,ethereum,0xd533a949740bb3306d119cc777fa900ba034cd52,CRV,0.894294
1680152400.0,ethereum,0xd533a949740bb3306d119cc777fa900ba034cd52,CRV,0.9456232548714528
1681362000.0,ethereum,0xd533a949740bb3306d119cc777fa900ba034cd52,CRV,1.019
1682571600.0,ethereum,0xd533a949740bb3306d119cc777fa900ba034cd52,CRV,0.938375
1683781200.0,ethereum,0xd533a949740bb3306d119cc777fa900ba034cd52,CRV,0.825546
1684990800.0,ethereum,0xd533a949740bb3306d119cc777fa900ba034cd52,CRV,0.823364
1686200400.0,ethereum,0xd533a949740bb3306d119cc777fa900ba034cd52,CRV,0.757521
1687410000.0,ethereum,0xd533a949740bb3306d119cc777fa900ba034cd52,CRV,0.701863
1688619600.0,ethereum,0xd533a949740bb3306d119cc777fa900ba034cd52,CRV,0.767769
1689829200.0,ethereum,0xd533a949740bb3306d119cc777fa900ba034cd52,CRV,0.779514
1691038800.0,ethereum,0xd533a949740bb3306d119cc777fa900ba034cd52,CRV,0.575692
1692248400.0,ethereum,0xd533a949740bb3306d119cc777fa900ba034cd52,CRV,0.5458549505102261
1693458000.0,ethereum,0xd533a949740bb3306d119cc777fa900ba034cd52,CRV,0.476735
1694667600.0,ethereum,0xd533a949740bb3306d119cc777fa900ba034cd52,CRV,0.416280832663351
1695877200.0,ethereum,0xd533a949740bb3306d119cc777fa900ba034cd52,CRV,0.512163
1697086800.0,ethereum,0xd533a949740bb3306d119cc777fa900ba034cd52,CRV,0.427043
1698296400.0,ethereum,0xd533a949740bb3306d119cc777fa900ba034cd52,CRV,0.485762
1699509600.0,ethereum,0xd533a949740bb3306d119cc777fa900ba034cd52,CRV,0.580336
1700719200.0,ethereum,0xd533a949740bb3306d119cc777fa900ba034cd52,CRV,0.578854
1701928800.0,ethereum,0xd533a949740bb3306d119cc777fa900ba034cd52,CRV,0.617196
1631768400.0,ethereum,0x4e3fbd56cd56c3e72c1403e103b45db9da5b9d2b,CVX,12.92955445308166
1632978000.0,ethereum,0x4e3fbd56cd56c3e72c1403e103b45db9da5b9d2b,CVX,9.06770682231357
1634187600.0,ethereum,0x4e3fbd56cd56c3e72c1403e103b45db9da5b9d2b,CVX,17.67424434035857
1635397200.0,ethereum,0x4e3fbd56cd56c3e72c1403e103b45db9da5b9d2b,CVX,24.39559505497424
1636610400.0,ethereum,0x4e3fbd56cd56c3e72c1403e103b45db9da5b9d2b,CVX,38.61593122425994
1637820000.0,ethereum,0x4e3fbd56cd56c3e72c1403e103b45db9da5b9d2b,CVX,27.59121474295409
1639029600.0,ethereum,0x4e3fbd56cd56c3e72c1403e103b45db9da5b9d2b,CVX,28.172948474931463
1640239200.0,ethereum,0x4e3fbd56cd56c3e72c1403e103b45db9da5b9d2b,CVX,38.10282631282035
1641448800.0,ethereum,0x4e3fbd56cd56c3e72c1403e103b45db9da5b9d2b,CVX,41.23581593265055
1642658400.0,ethereum,0x4e3fbd56cd56c3e72c1403e103b45db9da5b9d2b,CVX,40.84093864845019
1643868000.0,ethereum,0x4e3fbd56cd56c3e72c1403e103b45db9da5b9d2b,CVX,25.48947456257046
1645077600.0,ethereum,0x4e3fbd56cd56c3e72c1403e103b45db9da5b9d2b,CVX,28.643037807905007
1646287200.0,ethereum,0x4e3fbd56cd56c3e72c1403e103b45db9da5b9d2b,CVX,20.579064006006405
1647493200.0,ethereum,0x4e3fbd56cd56c3e72c1403e103b45db9da5b9d2b,CVX,18.507929923000525
1648702800.0,ethereum,0x4e3fbd56cd56c3e72c1403e103b45db9da5b9d2b,CVX,29.95971912020931
1649912400.0,ethereum,0x4e3fbd56cd56c3e72c1403e103b45db9da5b9d2b,CVX,29.97290420875065
1651122000.0,ethereum,0x4e3fbd56cd56c3e72c1403e103b45db9da5b9d2b,CVX,27.259001339225417
1652331600.0,ethereum,0x4e3fbd56cd56c3e72c1403e103b45db9da5b9d2b,CVX,12.675246046057918
1653541200.0,ethereum,0x4e3fbd56cd56c3e72c1403e103b45db9da5b9d2b,CVX,10.588439300878786
1654750800.0,ethereum,0x4e3fbd56cd56c3e72c1403e103b45db9da5b9d2b,CVX,7.453665406932644
1655960400.0,ethereum,0x4e3fbd56cd56c3e72c1403e103b45db9da5b9d2b,CVX,4.447043382595608
1657170000.0,ethereum,0x4e3fbd56cd56c3e72c1403e103b45db9da5b9d2b,CVX,5.751607595318188
1658379600.0,ethereum,0x4e3fbd56cd56c3e72c1403e103b45db9da5b9d2b,CVX,7.05771057948379
1659589200.0,ethereum,0x4e3fbd56cd56c3e72c1403e103b45db9da5b9d2b,CVX,6.945524604153174
1660798800.0,ethereum,0x4e3fbd56cd56c3e72c1403e103b45db9da5b9d2b,CVX,5.890754013726145
1662008400.0,ethereum,0x4e3fbd56cd56c3e72c1403e103b45db9da5b9d2b,CVX,5.073068188699239
1663218000.0,ethereum,0x4e3fbd56cd56c3e72c1403e103b45db9da5b9d2b,CVX,4.791147589708649
1664427600.0,ethereum,0x4e3fbd56cd56c3e72c1403e103b45db9da5b9d2b,CVX,4.899943214483559
1665637200.0,ethereum,0x4e3fbd56cd56c3e72c1403e103b45db9da5b9d2b,CVX,5.704257330043562
1666846800.0,ethereum,0x4e3fbd56cd56c3e72c1403e103b45db9da5b9d2b,CVX,5.9
1668060000.0,ethereum,0x4e3fbd56cd56c3e72c1403e103b45db9da5b9d2b,CVX,3.94042331935216
1669269600.0,ethereum,0x4e3fbd56cd56c3e72c1403e103b45db9da5b9d2b,CVX,4.37514852209777
1670479200.0,ethereum,0x4e3fbd56cd56c3e72c1403e103b45db9da5b9d2b,CVX,3.8545123529749854
1671688800.0,ethereum,0x4e3fbd56cd56c3e72c1403e103b45db9da5b9d2b,CVX,3.5080843198704126
1672898400.0,ethereum,0x4e3fbd56cd56c3e72c1403e103b45db9da5b9d2b,CVX,3.22836220608204
1674108000.0,ethereum,0x4e3fbd56cd56c3e72c1403e103b45db9da5b9d2b,CVX,4.79810458681656
1675317600.0,ethereum,0x4e3fbd56cd56c3e72c1403e103b45db9da5b9d2b,CVX,6.684078342076961
1676527200.0,ethereum,0x4e3fbd56cd56c3e72c1403e103b45db9da5b9d2b,CVX,6.484471988180563
1677736800.0,ethereum,0x4e3fbd56cd56c3e72c1403e103b45db9da5b9d2b,CVX,6.1
1678942800.0,ethereum,0x4e3fbd56cd56c3e72c1403e103b45db9da5b9d2b,CVX,5.37
1680152400.0,ethereum,0x4e3fbd56cd56c3e72c1403e103b45db9da5b9d2b,CVX,5.39163636064929
1681362000.0,ethereum,0x4e3fbd56cd56c3e72c1403e103b45db9da5b9d2b,CVX,5.49
1682571600.0,ethereum,0x4e3fbd56cd56c3e72c1403e103b45db9da5b9d2b,CVX,5.31
1683781200.0,ethereum,0x4e3fbd56cd56c3e72c1403e103b45db9da5b9d2b,CVX,4.52
1684990800.0,ethereum,0x4e3fbd56cd56c3e72c1403e103b45db9da5b9d2b,CVX,4.38
1686200400.0,ethereum,0x4e3fbd56cd56c3e72c1403e103b45db9da5b9d2b,CVX,3.86
1687410000.0,ethereum,0x4e3fbd56cd56c3e72c1403e103b45db9da5b9d2b,CVX,3.9
1688619600.0,ethereum,0x4e3fbd56cd56c3e72c1403e103b45db9da5b9d2b,CVX,4.09
1689829200.0,ethereum,0x4e3fbd56cd56c3e72c1403e103b45db9da5b9d2b,CVX,3.84
1691038800.0,ethereum,0x4e3fbd56cd56c3e72c1403e103b45db9da5b9d2b,CVX,3.09
1692248400.0,ethereum,0x4e3fbd56cd56c3e72c1403e103b45db9da5b9d2b,CVX,3.07
1693458000.0,ethereum,0x4e3fbd56cd56c3e72c1403e103b45db9da5b9d2b,CVX,2.86
1694667600.0,ethereum,0x4e3fbd56cd56c3e72c1403e103b45db9da5b9d2b,CVX,2.38
1695877200.0,ethereum,0x4e3fbd56cd56c3e72c1403e103b45db9da5b9d2b,CVX,3.08
1697086800.0,ethereum,0x4e3fbd56cd56c3e72c1403e103b45db9da5b9d2b,CVX,2.6
1698296400.0,ethereum,0x4e3fbd56cd56c3e72c1403e103b45db9da5b9d2b,CVX,2.86
1699509600.0,ethereum,0x4e3fbd56cd56c3e72c1403e103b45db9da5b9d2b,CVX,3.52
1700719200.0,ethereum,0x4e3fbd56cd56c3e72c1403e103b45db9da5b9d2b,CVX,3.74
1701928800.0,ethereum,0x4e3fbd56cd56c3e72c1403e103b45db9da5b9d2b,CVX,3.93
1703138400.0,ethereum,0x2260fac5e5542a773aa44fbcfedf7c193bc2c599,BTC,43416.0
1703138400.0,ethereum,0x0000000000000000000000000000000000000000,ETH,2195.78
1703138400.0,ethereum,0xd533a949740bb3306d119cc777fa900ba034cd52,CRV,0.582188
1703138400.0,ethereum,0x4e3fbd56cd56c3e72c1403e103b45db9da5b9d2b,CVX,3.35
1704348000.0,ethereum,0x2260fac5e5542a773aa44fbcfedf7c193bc2c599,BTC,43254.0
1704348000.0,ethereum,0x0000000000000000000000000000000000000000,ETH,2239.91
1704348000.0,ethereum,0xd533a949740bb3306d119cc777fa900ba034cd52,CRV,0.58812
1704348000.0,ethereum,0x4e3fbd56cd56c3e72c1403e103b45db9da5b9d2b,CVX,3.22
1705557600.0,ethereum,0x2260fac5e5542a773aa44fbcfedf7c193bc2c599,BTC,42609.0
1705557600.0,ethereum,0x0000000000000000000000000000000000000000,ETH,2528.5
1705557600.0,ethereum,0xd533a949740bb3306d119cc777fa900ba034cd52,CRV,0.541164
1705557600.0,ethereum,0x4e3fbd56cd56c3e72c1403e103b45db9da5b9d2b,CVX,2.99
1706767200.0,ethereum,0x2260fac5e5542a773aa44fbcfedf7c193bc2c599,BTC,42033.0
1707976800.0,ethereum,0x2260fac5e5542a773aa44fbcfedf7c193bc2c599,BTC,51750.54385195181
1709186400.0,ethereum,0x2260fac5e5542a773aa44fbcfedf7c193bc2c599,BTC,62472.0
1710392400.0,ethereum,0x2260fac5e5542a773aa44fbcfedf7c193bc2c599,BTC,72870.0
1711602000.0,ethereum,0x2260fac5e5542a773aa44fbcfedf7c193bc2c599,BTC,69296.0
1712811600.0,ethereum,0x2260fac5e5542a773aa44fbcfedf7c193bc2c599,BTC,70646.0
1714021200.0,ethereum,0x2260fac5e5542a773aa44fbcfedf7c193bc2c599,BTC,64405.0
1715230800.0,ethereum,0x2260fac5e5542a773aa44fbcfedf7c193bc2c599,BTC,61560.0
1716440400.0,ethereum,0x2260fac5e5542a773aa44fbcfedf7c193bc2c599,BTC,69664.0
1717650000.0,ethereum,0x2260fac5e5542a773aa44fbcfedf7c193bc2c599,BTC,71190.0
1718859600.0,ethereum,0x2260fac5e5542a773aa44fbcfedf7c193bc2c599,BTC,65296.0
1706767200.0,ethereum,0x0000000000000000000000000000000000000000,ETH,2266.65
1707976800.0,ethereum,0x0000000000000000000000000000000000000000,ETH,2768.49
1709186400.0,ethereum,0x0000000000000000000000000000000000000000,ETH,3476.57
1710392400.0,ethereum,0x0000000000000000000000000000000000000000,ETH,3959.04
1711602000.0,ethereum,0x0000000000000000000000000000000000000000,ETH,3513.83
1712811600.0,ethereum,0x0000000000000000000000000000000000000000,ETH,3562.5
1714021200.0,ethereum,0x0000000000000000000000000000000000000000,ETH,3154.692388864275
1715230800.0,ethereum,0x0000000000000000000000000000000000000000,ETH,2992.26
1716440400.0,ethereum,0x0000000000000000000000000000000000000000,ETH,3788.9441583012954
1717650000.0,ethereum,0x0000000000000000000000000000000000000000,ETH,3863.08
1718859600.0,ethereum,0x0000000000000000000000000000000000000000,ETH,3569.244930669015
1706767200.0,ethereum,0xd533a949740bb3306d119cc777fa900ba034cd52,CRV,0.439777
1707976800.0,ethereum,0xd533a949740bb3306d119cc777fa900ba034cd52,CRV,0.523766317461566
1709186400.0,ethereum,0xd533a949740bb3306d119cc777fa900ba034cd52,CRV,0.626656
1710392400.0,ethereum,0xd533a949740bb3306d119cc777fa900ba034cd52,CRV,0.847439
1711602000.0,ethereum,0xd533a949740bb3306d119cc777fa900ba034cd52,CRV,0.691693
1712811600.0,ethereum,0xd533a949740bb3306d119cc777fa900ba034cd52,CRV,0.6155328073023549
1714021200.0,ethereum,0xd533a949740bb3306d119cc777fa900ba034cd52,CRV,0.434782
1715230800.0,ethereum,0xd533a949740bb3306d119cc777fa900ba034cd52,CRV,0.442525
1716440400.0,ethereum,0xd533a949740bb3306d119cc777fa900ba034cd52,CRV,0.47155
1717650000.0,ethereum,0xd533a949740bb3306d119cc777fa900ba034cd52,CRV,0.465996
1718859600.0,ethereum,0xd533a949740bb3306d119cc777fa900ba034cd52,CRV,0.330105
1706767200.0,ethereum,0x4e3fbd56cd56c3e72c1403e103b45db9da5b9d2b,CVX,2.88
1707976800.0,ethereum,0x4e3fbd56cd56c3e72c1403e103b45db9da5b9d2b,CVX,3.54
1709186400.0,ethereum,0x4e3fbd56cd56c3e72c1403e103b45db9da5b9d2b,CVX,5.12
1710392400.0,ethereum,0x4e3fbd56cd56c3e72c1403e103b45db9da5b9d2b,CVX,4.93
1711602000.0,ethereum,0x4e3fbd56cd56c3e72c1403e103b45db9da5b9d2b,CVX,4.11
1712811600.0,ethereum,0x4e3fbd56cd56c3e72c1403e103b45db9da5b9d2b,CVX,3.65
1714021200.0,ethereum,0x4e3fbd56cd56c3e72c1403e103b45db9da5b9d2b,CVX,2.58
1715230800.0,ethereum,0x4e3fbd56cd56c3e72c1403e103b45db9da5b9d2b,CVX,2.55
1716440400.0,ethereum,0x4e3fbd56cd56c3e72c1403e103b45db9da5b9d2b,CVX,2.75
1717650000.0,ethereum,0x4e3fbd56cd56c3e72c1403e103b45db9da5b9d2b,CVX,2.8
1718859600.0,ethereum,0x4e3fbd56cd56c3e72c1403e103b45db9da5b9d2b,CVX,3.648150097054773
1720069200.0,ethereum,0x2260fac5e5542a773aa44fbcfedf7c193bc2c599,BTC,58952.0
1720069200.0,ethereum,0x0000000000000000000000000000000000000000,ETH,3235.55
1720069200.0,ethereum,0xd533a949740bb3306d119cc777fa900ba034cd52,CRV,0.272972
1720069200.0,ethereum,0x4e3fbd56cd56c3e72c1403e103b45db9da5b9d2b,CVX,2.68
1721278800.0,ethereum,0x2260fac5e5542a773aa44fbcfedf7c193bc2c599,BTC,64623.0
1721278800.0,ethereum,0x0000000000000000000000000000000000000000,ETH,3417.2337850867966
1721278800.0,ethereum,0xd533a949740bb3306d119cc777fa900ba034cd52,CRV,0.287101
1721278800.0,ethereum,0x4e3fbd56cd56c3e72c1403e103b45db9da5b9d2b,CVX,2.54
1631750400.0,ethereum,0x2260fac5e5542a773aa44fbcfedf7c193bc2c599,BTC,48252.60729104597
1632960000.0,ethereum,0x2260fac5e5542a773aa44fbcfedf7c193bc2c599,BTC,41671.72017518992
1634169600.0,ethereum,0x2260fac5e5542a773aa44fbcfedf7c193bc2c599,BTC,57719.35632301863
1635379200.0,ethereum,0x2260fac5e5542a773aa44fbcfedf7c193bc2c599,BTC,58562.13940860278
1636588800.0,ethereum,0x2260fac5e5542a773aa44fbcfedf7c193bc2c599,BTC,65007.9793011747
1637798400.0,ethereum,0x2260fac5e5542a773aa44fbcfedf7c193bc2c599,BTC,57033.49720462199
1639008000.0,ethereum,0x2260fac5e5542a773aa44fbcfedf7c193bc2c599,BTC,50510.50452138072
1640217600.0,ethereum,0x2260fac5e5542a773aa44fbcfedf7c193bc2c599,BTC,48893.0
1641427200.0,ethereum,0x2260fac5e5542a773aa44fbcfedf7c193bc2c599,BTC,43651.74764114118
1642636800.0,ethereum,0x2260fac5e5542a773aa44fbcfedf7c193bc2c599,BTC,41743.53597891447
1643846400.0,ethereum,0x2260fac5e5542a773aa44fbcfedf7c193bc2c599,BTC,37022.177058564674
1645056000.0,ethereum,0x2260fac5e5542a773aa44fbcfedf7c193bc2c599,BTC,43992.97465301145
1646265600.0,ethereum,0x2260fac5e5542a773aa44fbcfedf7c193bc2c599,BTC,43975.53273104671
1647475200.0,ethereum,0x2260fac5e5542a773aa44fbcfedf7c193bc2c599,BTC,41108.23413745602
1648684800.0,ethereum,0x2260fac5e5542a773aa44fbcfedf7c193bc2c599,BTC,47046.727638935954
1649894400.0,ethereum,0x2260fac5e5542a773aa44fbcfedf7c193bc2c599,BTC,41245.58781247713
1651104000.0,ethereum,0x2260fac5e5542a773aa44fbcfedf7c193bc2c599,BTC,39207.130346800215
1652313600.0,ethereum,0x2260fac5e5542a773aa44fbcfedf7c193bc2c599,BTC,28803.16422107853
1653523200.0,ethereum,0x2260fac5e5542a773aa44fbcfedf7c193bc2c599,BTC,29567.592919202616
1654732800.0,ethereum,0x2260fac5e5542a773aa44fbcfedf7c193bc2c599,BTC,30241.401260648956
1655942400.0,ethereum,0x2260fac5e5542a773aa44fbcfedf7c193bc2c599,BTC,19990.951284488357
1657152000.0,ethereum,0x2260fac5e5542a773aa44fbcfedf7c193bc2c599,BTC,20556.24855302463
1658361600.0,ethereum,0x2260fac5e5542a773aa44fbcfedf7c193bc2c599,BTC,23241.673468713376
1659571200.0,ethereum,0x2260fac5e5542a773aa44fbcfedf7c193bc2c599,BTC,22872.499778992253
1660780800.0,ethereum,0x2260fac5e5542a773aa44fbcfedf7c193bc2c599,BTC,23334.25285500577
1661990400.0,ethereum,0x2260fac5e5542a773aa44fbcfedf7c193bc2c599,BTC,20004.42269917082
1663200000.0,ethereum,0x2260fac5e5542a773aa44fbcfedf7c193bc2c599,BTC,20259.10615900321
1664409600.0,ethereum,0x2260fac5e5542a773aa44fbcfedf7c193bc2c599,BTC,19456.217153548896
1665619200.0,ethereum,0x2260fac5e5542a773aa44fbcfedf7c193bc2c599,BTC,19154.31
1666828800.0,ethereum,0x2260fac5e5542a773aa44fbcfedf7c193bc2c599,BTC,20735.989434916777
1668038400.0,ethereum,0x2260fac5e5542a773aa44fbcfedf7c193bc2c599,BTC,15687.072861059798
1669248000.0,ethereum,0x2260fac5e5542a773aa44fbcfedf7c193bc2c599,BTC,16560.87836363283
1670457600.0,ethereum,0x2260fac5e5542a773aa44fbcfedf7c193bc2c599,BTC,16805.987949217142
1671667200.0,ethereum,0x2260fac5e5542a773aa44fbcfedf7c193bc2c599,BTC,16776.54
1672876800.0,ethereum,0x2260fac5e5542a773aa44fbcfedf7c193bc2c599,BTC,16865.704936910402
1674086400.0,ethereum,0x2260fac5e5542a773aa44fbcfedf7c193bc2c599,BTC,20724.632170787863
1675296000.0,ethereum,0x2260fac5e5542a773aa44fbcfedf7c193bc2c599,BTC,23670.0
1676505600.0,ethereum,0x2260fac5e5542a773aa44fbcfedf7c193bc2c599,BTC,24304.0
1677715200.0,ethereum,0x2260fac5e5542a773aa44fbcfedf7c193bc2c599,BTC,23675.0
1678924800.0,ethereum,0x2260fac5e5542a773aa44fbcfedf7c193bc2c599,BTC,24469.0
1680134400.0,ethereum,0x2260fac5e5542a773aa44fbcfedf7c193bc2c599,BTC,28382.161192137315
1681344000.0,ethereum,0x2260fac5e5542a773aa44fbcfedf7c193bc2c599,BTC,29888.0
1682553600.0,ethereum,0x2260fac5e5542a773aa44fbcfedf7c193bc2c599,BTC,28357.0
1683763200.0,ethereum,0x2260fac5e5542a773aa44fbcfedf7c193bc2c599,BTC,27651.0
1684972800.0,ethereum,0x2260fac5e5542a773aa44fbcfedf7c193bc2c599,BTC,26384.0
1686182400.0,ethereum,0x2260fac5e5542a773aa44fbcfedf7c193bc2c599,BTC,26370.0
1687392000.0,ethereum,0x2260fac5e5542a773aa44fbcfedf7c193bc2c599,BTC,30090.0
1688601600.0,ethereum,0x2260fac5e5542a773aa44fbcfedf7c193bc2c599,BTC,30519.0
1689811200.0,ethereum,0x2260fac5e5542a773aa44fbcfedf7c193bc2c599,BTC,29939.0
1691020800.0,ethereum,0x2260fac5e5542a773aa44fbcfedf7c193bc2c599,BTC,29104.0
1692230400.0,ethereum,0x2260fac5e5542a773aa44fbcfedf7c193bc2c599,BTC,28723.388622864717
1693440000.0,ethereum,0x2260fac5e5542a773aa44fbcfedf7c193bc2c599,BTC,27319.0
1694649600.0,ethereum,0x2260fac5e5542a773aa44fbcfedf7c193bc2c599,BTC,26239.0
1695859200.0,ethereum,0x2260fac5e5542a773aa44fbcfedf7c193bc2c599,BTC,26341.0
1697068800.0,ethereum,0x2260fac5e5542a773aa44fbcfedf7c193bc2c599,BTC,26810.0
1698278400.0,ethereum,0x2260fac5e5542a773aa44fbcfedf7c193bc2c599,BTC,34465.0
1699488000.0,ethereum,0x2260fac5e5542a773aa44fbcfedf7c193bc2c599,BTC,35656.0
1700697600.0,ethereum,0x2260fac5e5542a773aa44fbcfedf7c193bc2c599,BTC,37363.0
1701907200.0,ethereum,0x2260fac5e5542a773aa44fbcfedf7c193bc2c599,BTC,43622.0
1703116800.0,ethereum,0x2260fac5e5542a773aa44fbcfedf7c193bc2c599,BTC,43564.0
1704326400.0,ethereum,0x2260fac5e5542a773aa44fbcfedf7c193bc2c599,BTC,42767.0
1705536000.0,ethereum,0x2260fac5e5542a773aa44fbcfedf7c193bc2c599,BTC,42724.0
1706745600.0,ethereum,0x2260fac5e5542a773aa44fbcfedf7c193bc2c599,BTC,42503.0
1707955200.0,ethereum,0x2260fac5e5542a773aa44fbcfedf7c193bc2c599,BTC,51700.0
1709164800.0,ethereum,0x2260fac5e5542a773aa44fbcfedf7c193bc2c599,BTC,62369.0
1710374400.0,ethereum,0x2260fac5e5542a773aa44fbcfedf7c193bc2c599,BTC,72758.0
1711584000.0,ethereum,0x2260fac5e5542a773aa44fbcfedf7c193bc2c599,BTC,69386.0
1712793600.0,ethereum,0x2260fac5e5542a773aa44fbcfedf7c193bc2c599,BTC,70592.0
1714003200.0,ethereum,0x2260fac5e5542a773aa44fbcfedf7c193bc2c599,BTC,64330.0
1715212800.0,ethereum,0x2260fac5e5542a773aa44fbcfedf7c193bc2c599,BTC,61149.0
1716422400.0,ethereum,0x2260fac5e5542a773aa44fbcfedf7c193bc2c599,BTC,69312.0
1717632000.0,ethereum,0x2260fac5e5542a773aa44fbcfedf7c193bc2c599,BTC,71065.0
1718841600.0,ethereum,0x2260fac5e5542a773aa44fbcfedf7c193bc2c599,BTC,65019.43012528555
1720051200.0,ethereum,0x2260fac5e5542a773aa44fbcfedf7c193bc2c599,BTC,60106.0
1721260800.0,ethereum,0x2260fac5e5542a773aa44fbcfedf7c193bc2c599,BTC,64200.0
1631750400.0,ethereum,0x0000000000000000000000000000000000000000,ETH,3595.9625714292315
1632960000.0,ethereum,0x0000000000000000000000000000000000000000,ETH,2857.0727297920675
1634169600.0,ethereum,0x0000000000000000000000000000000000000000,ETH,3605.650334298176
1635379200.0,ethereum,0x0000000000000000000000000000000000000000,ETH,3944.090861781322
1636588800.0,ethereum,0x0000000000000000000000000000000000000000,ETH,4641.528764849704
1637798400.0,ethereum,0x0000000000000000000000000000000000000000,ETH,4269.437219728043
1639008000.0,ethereum,0x0000000000000000000000000000000000000000,ETH,4432.4077755524595
1640217600.0,ethereum,0x0000000000000000000000000000000000000000,ETH,3992.594576637315
1641427200.0,ethereum,0x0000000000000000000000000000000000000000,ETH,3553.1384120179864
1642636800.0,ethereum,0x0000000000000000000000000000000000000000,ETH,3096.4854684021943
1643846400.0,ethereum,0x0000000000000000000000000000000000000000,ETH,2690.319739476765
1645056000.0,ethereum,0x0000000000000000000000000000000000000000,ETH,3128.640780542462
1646265600.0,ethereum,0x0000000000000000000000000000000000000000,ETH,2953.315776286441
1647475200.0,ethereum,0x0000000000000000000000000000000000000000,ETH,2771.759457292368
1648684800.0,ethereum,0x0000000000000000000000000000000000000000,ETH,3383.7887617814154
1649894400.0,ethereum,0x0000000000000000000000000000000000000000,ETH,3123.779924392582
1651104000.0,ethereum,0x0000000000000000000000000000000000000000,ETH,2889.5922230230817
1652313600.0,ethereum,0x0000000000000000000000000000000000000000,ETH,2080.661224146413
1653523200.0,ethereum,0x0000000000000000000000000000000000000000,ETH,1944.2662044828223
1654732800.0,ethereum,0x0000000000000000000000000000000000000000,ETH,1794.539625671828
1655942400.0,ethereum,0x0000000000000000000000000000000000000000,ETH,1051.0740681589236
1657152000.0,ethereum,0x0000000000000000000000000000000000000000,ETH,1187.5121806804036
1658361600.0,ethereum,0x0000000000000000000000000000000000000000,ETH,1520.0076882232072
1659571200.0,ethereum,0x0000000000000000000000000000000000000000,ETH,1621.572638172034
1660780800.0,ethereum,0x0000000000000000000000000000000000000000,ETH,1836.7769774706096
1661990400.0,ethereum,0x0000000000000000000000000000000000000000,ETH,1553.5559643969295
1663200000.0,ethereum,0x0000000000000000000000000000000000000000,ETH,1636.4369060900426
1664409600.0,ethereum,0x0000000000000000000000000000000000000000,ETH,1340.6097787518488
1665619200.0,ethereum,0x0000000000000000000000000000000000000000,ETH,1294.33
1666828800.0,ethereum,0x0000000000000000000000000000000000000000,ETH,1567.64
1668038400.0,ethereum,0x0000000000000000000000000000000000000000,ETH,1105.9139715386343
1669248000.0,ethereum,0x0000000000000000000000000000000000000000,ETH,1185.9159377338017
1670457600.0,ethereum,0x0000000000000000000000000000000000000000,ETH,1232.8281223743709
1671667200.0,ethereum,0x0000000000000000000000000000000000000000,ETH,1214.13885527762
1672876800.0,ethereum,0x0000000000000000000000000000000000000000,ETH,1256.31
1674086400.0,ethereum,0x0000000000000000000000000000000000000000,ETH,1516.3334168518509
1675296000.0,ethereum,0x0000000000000000000000000000000000000000,ETH,1643.3973929498889
1676505600.0,ethereum,0x0000000000000000000000000000000000000000,ETH,1675.1315221601417
1677715200.0,ethereum,0x0000000000000000000000000000000000000000,ETH,1664.12
1678924800.0,ethereum,0x0000000000000000000000000000000000000000,ETH,1657.47
1680134400.0,ethereum,0x0000000000000000000000000000000000000000,ETH,1793.9492622666169
1681344000.0,ethereum,0x0000000000000000000000000000000000000000,ETH,1919.61
1682553600.0,ethereum,0x0000000000000000000000000000000000000000,ETH,1871.28
1683763200.0,ethereum,0x0000000000000000000000000000000000000000,ETH,1841.63
1684972800.0,ethereum,0x0000000000000000000000000000000000000000,ETH,1799.84
1686182400.0,ethereum,0x0000000000000000000000000000000000000000,ETH,1832.15
1687392000.0,ethereum,0x0000000000000000000000000000000000000000,ETH,1892.67
1688601600.0,ethereum,0x0000000000000000000000000000000000000000,ETH,1911.72
1689811200.0,ethereum,0x0000000000000000000000000000000000000000,ETH,1890.76
1691020800.0,ethereum,0x0000000000000000000000000000000000000000,ETH,1838.36
1692230400.0,ethereum,0x0000000000000000000000000000000000000000,ETH,1806.21
1693440000.0,ethereum,0x0000000000000000000000000000000000000000,ETH,1705.45
1694649600.0,ethereum,0x0000000000000000000000000000000000000000,ETH,1607.71
1695859200.0,ethereum,0x0000000000000000000000000000000000000000,ETH,1597.46
1697068800.0,ethereum,0x0000000000000000000000000000000000000000,ETH,1567.01
1698278400.0,ethereum,0x0000000000000000000000000000000000000000,ETH,1785.57
1699488000.0,ethereum,0x0000000000000000000000000000000000000000,ETH,1887.25
1700697600.0,ethereum,0x0000000000000000000000000000000000000000,ETH,2064.28
1701907200.0,ethereum,0x0000000000000000000000000000000000000000,ETH,2231.85
1703116800.0,ethereum,0x0000000000000000000000000000000000000000,ETH,2201.66
1704326400.0,ethereum,0x0000000000000000000000000000000000000000,ETH,2211.56
1705536000.0,ethereum,0x0000000000000000000000000000000000000000,ETH,2529.16
1706745600.0,ethereum,0x0000000000000000000000000000000000000000,ETH,2282.4858670158414
1707955200.0,ethereum,0x0000000000000000000000000000000000000000,ETH,2779.63
1709164800.0,ethereum,0x0000000000000000000000000000000000000000,ETH,3379.84
1710374400.0,ethereum,0x0000000000000000000000000000000000000000,ETH,4006.83
1711584000.0,ethereum,0x0000000000000000000000000000000000000000,ETH,3505.4
1712793600.0,ethereum,0x0000000000000000000000000000000000000000,ETH,3543.6
1714003200.0,ethereum,0x0000000000000000000000000000000000000000,ETH,3139.076000241789
1715212800.0,ethereum,0x0000000000000000000000000000000000000000,ETH,2974.19
1716422400.0,ethereum,0x0000000000000000000000000000000000000000,ETH,3739.31
1717632000.0,ethereum,0x0000000000000000000000000000000000000000,ETH,3863.41
1718841600.0,ethereum,0x0000000000000000000000000000000000000000,ETH,3558.26
1720051200.0,ethereum,0x0000000000000000000000000000000000000000,ETH,3291.12
1721260800.0,ethereum,0x0000000000000000000000000000000000000000,ETH,3388.23
1631750400.0,ethereum,0xd533a949740bb3306d119cc777fa900ba034cd52,CRV,3.032783241841834
1632960000.0,ethereum,0xd533a949740bb3306d119cc777fa900ba034cd52,CRV,2.303420160849068
1634169600.0,ethereum,0xd533a949740bb3306d119cc777fa900ba034cd52,CRV,2.9732405283948813
1635379200.0,ethereum,0xd533a949740bb3306d119cc777fa900ba034cd52,CRV,4.442635287383722
1636588800.0,ethereum,0xd533a949740bb3306d119cc777fa900ba034cd52,CRV,4.090471393511519
1637798400.0,ethereum,0xd533a949740bb3306d119cc777fa900ba034cd52,CRV,5.831654133754128
1639008000.0,ethereum,0xd533a949740bb3306d119cc777fa900ba034cd52,CRV,4.1682529433365545
1640217600.0,ethereum,0xd533a949740bb3306d119cc777fa900ba034cd52,CRV,5.03
1641427200.0,ethereum,0xd533a949740bb3306d119cc777fa900ba034cd52,CRV,5.440881679057477
1642636800.0,ethereum,0xd533a949740bb3306d119cc777fa900ba034cd52,CRV,4.201922842526545
1643846400.0,ethereum,0xd533a949740bb3306d119cc777fa900ba034cd52,CRV,3.116307915129171
1645056000.0,ethereum,0xd533a949740bb3306d119cc777fa900ba034cd52,CRV,3.1765433905813034
1646265600.0,ethereum,0xd533a949740bb3306d119cc777fa900ba034cd52,CRV,2.6454566638811454
1647475200.0,ethereum,0xd533a949740bb3306d119cc777fa900ba034cd52,CRV,2.0933340696509433
1648684800.0,ethereum,0xd533a949740bb3306d119cc777fa900ba034cd52,CRV,2.8129345749962726
1649894400.0,ethereum,0xd533a949740bb3306d119cc777fa900ba034cd52,CRV,2.296645690622135
1651104000.0,ethereum,0xd533a949740bb3306d119cc777fa900ba034cd52,CRV,2.484536203375706
1652313600.0,ethereum,0xd533a949740bb3306d119cc777fa900ba034cd52,CRV,1.4734786076775614
1653523200.0,ethereum,0xd533a949740bb3306d119cc777fa900ba034cd52,CRV,1.2316929418729814
1654732800.0,ethereum,0xd533a949740bb3306d119cc777fa900ba034cd52,CRV,1.158861808125679
1655942400.0,ethereum,0xd533a949740bb3306d119cc777fa900ba034cd52,CRV,0.69787905759731
1657152000.0,ethereum,0xd533a949740bb3306d119cc777fa900ba034cd52,CRV,0.9614236889502062
1658361600.0,ethereum,0xd533a949740bb3306d119cc777fa900ba034cd52,CRV,1.1557131679771016
1659571200.0,ethereum,0xd533a949740bb3306d119cc777fa900ba034cd52,CRV,1.33418210257269
1660780800.0,ethereum,0xd533a949740bb3306d119cc777fa900ba034cd52,CRV,1.1794358036938886
1661990400.0,ethereum,0xd533a949740bb3306d119cc777fa900ba034cd52,CRV,1.1449613395538474
1663200000.0,ethereum,0xd533a949740bb3306d119cc777fa900ba034cd52,CRV,1.050102761636308
1664409600.0,ethereum,0xd533a949740bb3306d119cc777fa900ba034cd52,CRV,0.9413878446083294
1665619200.0,ethereum,0xd533a949740bb3306d119cc777fa900ba034cd52,CRV,0.821758
1666828800.0,ethereum,0xd533a949740bb3306d119cc777fa900ba034cd52,CRV,0.9350209698777256
1668038400.0,ethereum,0xd533a949740bb3306d119cc777fa900ba034cd52,CRV,0.5570420323012747
1669248000.0,ethereum,0xd533a949740bb3306d119cc777fa900ba034cd52,CRV,0.6885919229354796
1670457600.0,ethereum,0xd533a949740bb3306d119cc777fa900ba034cd52,CRV,0.653728
1671667200.0,ethereum,0xd533a949740bb3306d119cc777fa900ba034cd52,CRV,0.5166096199513901
1672876800.0,ethereum,0xd533a949740bb3306d119cc777fa900ba034cd52,CRV,0.5558389503476887
1674086400.0,ethereum,0xd533a949740bb3306d119cc777fa900ba034cd52,CRV,0.8971322106186373
1675296000.0,ethereum,0xd533a949740bb3306d119cc777fa900ba034cd52,CRV,1.11
1676505600.0,ethereum,0xd533a949740bb3306d119cc777fa900ba034cd52,CRV,1.15
1677715200.0,ethereum,0xd533a949740bb3306d119cc777fa900ba034cd52,CRV,1.035
1678924800.0,ethereum,0xd533a949740bb3306d119cc777fa900ba034cd52,CRV,0.894816
1680134400.0,ethereum,0xd533a949740bb3306d119cc777fa900ba034cd52,CRV,0.94382121799673
1681344000.0,ethereum,0xd533a949740bb3306d119cc777fa900ba034cd52,CRV,1.029
1682553600.0,ethereum,0xd533a949740bb3306d119cc777fa900ba034cd52,CRV,0.920005
1683763200.0,ethereum,0xd533a949740bb3306d119cc777fa900ba034cd52,CRV,0.838845
1684972800.0,ethereum,0xd533a949740bb3306d119cc777fa900ba034cd52,CRV,0.83024
1686182400.0,ethereum,0xd533a949740bb3306d119cc777fa900ba034cd52,CRV,0.757913
1687392000.0,ethereum,0xd533a949740bb3306d119cc777fa900ba034cd52,CRV,0.688657
1688601600.0,ethereum,0xd533a949740bb3306d119cc777fa900ba034cd52,CRV,0.781894
1689811200.0,ethereum,0xd533a949740bb3306d119cc777fa900ba034cd52,CRV,0.779055
1691020800.0,ethereum,0xd533a949740bb3306d119cc777fa900ba034cd52,CRV,0.582259
1692230400.0,ethereum,0xd533a949740bb3306d119cc777fa900ba034cd52,CRV,0.5404405302986554
1693440000.0,ethereum,0xd533a949740bb3306d119cc777fa900ba034cd52,CRV,0.473033
1694649600.0,ethereum,0xd533a949740bb3306d119cc777fa900ba034cd52,CRV,0.416916
1695859200.0,ethereum,0xd533a949740bb3306d119cc777fa900ba034cd52,CRV,0.516855
1697068800.0,ethereum,0xd533a949740bb3306d119cc777fa900ba034cd52,CRV,0.434101
1698278400.0,ethereum,0xd533a949740bb3306d119cc777fa900ba034cd52,CRV,0.477394
1699488000.0,ethereum,0xd533a949740bb3306d119cc777fa900ba034cd52,CRV,0.569803
1700697600.0,ethereum,0xd533a949740bb3306d119cc777fa900ba034cd52,CRV,0.583938
1701907200.0,ethereum,0xd533a949740bb3306d119cc777fa900ba034cd52,CRV,0.603389
1703116800.0,ethereum,0xd533a949740bb3306d119cc777fa900ba034cd52,CRV,0.580928
1704326400.0,ethereum,0xd533a949740bb3306d119cc777fa900ba034cd52,CRV,0.576437
1705536000.0,ethereum,0xd533a949740bb3306d119cc777fa900ba034cd52,CRV,0.540488
1706745600.0,ethereum,0xd533a949740bb3306d119cc777fa900ba034cd52,CRV,0.4542953133030812
1707955200.0,ethereum,0xd533a949740bb3306d119cc777fa900ba034cd52,CRV,0.523985
1709164800.0,ethereum,0xd533a949740bb3306d119cc777fa900ba034cd52,CRV,0.598958
1710374400.0,ethereum,0xd533a949740bb3306d119cc777fa900ba034cd52,CRV,0.863355
1711584000.0,ethereum,0xd533a949740bb3306d119cc777fa900ba034cd52,CRV,0.694183
1712793600.0,ethereum,0xd533a949740bb3306d119cc777fa900ba034cd52,CRV,0.617338
1714003200.0,ethereum,0xd533a949740bb3306d119cc777fa900ba034cd52,CRV,0.436969
1715212800.0,ethereum,0xd533a949740bb3306d119cc777fa900ba034cd52,CRV,0.440608
1716422400.0,ethereum,0xd533a949740bb3306d119cc777fa900ba034cd52,CRV,0.4672578775160814
1717632000.0,ethereum,0xd533a949740bb3306d119cc777fa900ba034cd52,CRV,0.472129
1718841600.0,ethereum,0xd533a949740bb3306d119cc777fa900ba034cd52,CRV,0.3251831412239872
1720051200.0,ethereum,0xd533a949740bb3306d119cc777fa900ba034cd52,CRV,0.271319
1721260800.0,ethereum,0xd533a949740bb3306d119cc777fa900ba034cd52,CRV,0.2829565346682502
1631750400.0,ethereum,0x4e3fbd56cd56c3e72c1403e103b45db9da5b9d2b,CVX,12.786736914901178
1632960000.0,ethereum,0x4e3fbd56cd56c3e72c1403e103b45db9da5b9d2b,CVX,8.638925516719961
1634169600.0,ethereum,0x4e3fbd56cd56c3e72c1403e103b45db9da5b9d2b,CVX,17.244428775565186
1635379200.0,ethereum,0x4e3fbd56cd56c3e72c1403e103b45db9da5b9d2b,CVX,23.94464108241793
1636588800.0,ethereum,0x4e3fbd56cd56c3e72c1403e103b45db9da5b9d2b,CVX,28.90478649008766
1637798400.0,ethereum,0x4e3fbd56cd56c3e72c1403e103b45db9da5b9d2b,CVX,25.89355256195118
1639008000.0,ethereum,0x4e3fbd56cd56c3e72c1403e103b45db9da5b9d2b,CVX,28.896178260861035
1640217600.0,ethereum,0x4e3fbd56cd56c3e72c1403e103b45db9da5b9d2b,CVX,38.18
1641427200.0,ethereum,0x4e3fbd56cd56c3e72c1403e103b45db9da5b9d2b,CVX,42.77250486051796
1642636800.0,ethereum,0x4e3fbd56cd56c3e72c1403e103b45db9da5b9d2b,CVX,40.91350956765468
1643846400.0,ethereum,0x4e3fbd56cd56c3e72c1403e103b45db9da5b9d2b,CVX,26.570746311460645
1645056000.0,ethereum,0x4e3fbd56cd56c3e72c1403e103b45db9da5b9d2b,CVX,29.410063912857453
1646265600.0,ethereum,0x4e3fbd56cd56c3e72c1403e103b45db9da5b9d2b,CVX,21.08571984588032
1647475200.0,ethereum,0x4e3fbd56cd56c3e72c1403e103b45db9da5b9d2b,CVX,18.47981731775731
1648684800.0,ethereum,0x4e3fbd56cd56c3e72c1403e103b45db9da5b9d2b,CVX,29.631997411033534
1649894400.0,ethereum,0x4e3fbd56cd56c3e72c1403e103b45db9da5b9d2b,CVX,29.801525810528876
1651104000.0,ethereum,0x4e3fbd56cd56c3e72c1403e103b45db9da5b9d2b,CVX,27.60448223182737
1652313600.0,ethereum,0x4e3fbd56cd56c3e72c1403e103b45db9da5b9d2b,CVX,13.988429795910502
1653523200.0,ethereum,0x4e3fbd56cd56c3e72c1403e103b45db9da5b9d2b,CVX,10.559690273487664
1654732800.0,ethereum,0x4e3fbd56cd56c3e72c1403e103b45db9da5b9d2b,CVX,7.619296982065491
1655942400.0,ethereum,0x4e3fbd56cd56c3e72c1403e103b45db9da5b9d2b,CVX,4.20487494778944
1657152000.0,ethereum,0x4e3fbd56cd56c3e72c1403e103b45db9da5b9d2b,CVX,5.949717808109815
1658361600.0,ethereum,0x4e3fbd56cd56c3e72c1403e103b45db9da5b9d2b,CVX,7.305594232653258
1659571200.0,ethereum,0x4e3fbd56cd56c3e72c1403e103b45db9da5b9d2b,CVX,6.779671923791172
1660780800.0,ethereum,0x4e3fbd56cd56c3e72c1403e103b45db9da5b9d2b,CVX,5.922557709629591
1661990400.0,ethereum,0x4e3fbd56cd56c3e72c1403e103b45db9da5b9d2b,CVX,5.052765737218552
1663200000.0,ethereum,0x4e3fbd56cd56c3e72c1403e103b45db9da5b9d2b,CVX,4.970433589749141
1664409600.0,ethereum,0x4e3fbd56cd56c3e72c1403e103b45db9da5b9d2b,CVX,4.894423208466994
1665619200.0,ethereum,0x4e3fbd56cd56c3e72c1403e103b45db9da5b9d2b,CVX,5.91
1666828800.0,ethereum,0x4e3fbd56cd56c3e72c1403e103b45db9da5b9d2b,CVX,5.902212921892303
1668038400.0,ethereum,0x4e3fbd56cd56c3e72c1403e103b45db9da5b9d2b,CVX,3.6821766676576946
1669248000.0,ethereum,0x4e3fbd56cd56c3e72c1403e103b45db9da5b9d2b,CVX,4.359240542708488
1670457600.0,ethereum,0x4e3fbd56cd56c3e72c1403e103b45db9da5b9d2b,CVX,3.86105890431878
1671667200.0,ethereum,0x4e3fbd56cd56c3e72c1403e103b45db9da5b9d2b,CVX,3.5455459138993546
1672876800.0,ethereum,0x4e3fbd56cd56c3e72c1403e103b45db9da5b9d2b,CVX,3.197001170024276
1674086400.0,ethereum,0x4e3fbd56cd56c3e72c1403e103b45db9da5b9d2b,CVX,4.779763013707686
1675296000.0,ethereum,0x4e3fbd56cd56c3e72c1403e103b45db9da5b9d2b,CVX,6.5270691363085565
1676505600.0,ethereum,0x4e3fbd56cd56c3e72c1403e103b45db9da5b9d2b,CVX,6.4009352778748125
1677715200.0,ethereum,0x4e3fbd56cd56c3e72c1403e103b45db9da5b9d2b,CVX,6.3901754218648055
1678924800.0,ethereum,0x4e3fbd56cd56c3e72c1403e103b45db9da5b9d2b,CVX,5.56
1680134400.0,ethereum,0x4e3fbd56cd56c3e72c1403e103b45db9da5b9d2b,CVX,5.403612255821802
1681344000.0,ethereum,0x4e3fbd56cd56c3e72c1403e103b45db9da5b9d2b,CVX,5.54
1682553600.0,ethereum,0x4e3fbd56cd56c3e72c1403e103b45db9da5b9d2b,CVX,5.28
1683763200.0,ethereum,0x4e3fbd56cd56c3e72c1403e103b45db9da5b9d2b,CVX,4.69
1684972800.0,ethereum,0x4e3fbd56cd56c3e72c1403e103b45db9da5b9d2b,CVX,4.46
1686182400.0,ethereum,0x4e3fbd56cd56c3e72c1403e103b45db9da5b9d2b,CVX,3.86
1687392000.0,ethereum,0x4e3fbd56cd56c3e72c1403e103b45db9da5b9d2b,CVX,3.86
1688601600.0,ethereum,0x4e3fbd56cd56c3e72c1403e103b45db9da5b9d2b,CVX,4.09
1689811200.0,ethereum,0x4e3fbd56cd56c3e72c1403e103b45db9da5b9d2b,CVX,3.85
1691020800.0,ethereum,0x4e3fbd56cd56c3e72c1403e103b45db9da5b9d2b,CVX,3.1
1692230400.0,ethereum,0x4e3fbd56cd56c3e72c1403e103b45db9da5b9d2b,CVX,3.08
1693440000.0,ethereum,0x4e3fbd56cd56c3e72c1403e103b45db9da5b9d2b,CVX,2.87
1694649600.0,ethereum,0x4e3fbd56cd56c3e72c1403e103b45db9da5b9d2b,CVX,2.39
1695859200.0,ethereum,0x4e3fbd56cd56c3e72c1403e103b45db9da5b9d2b,CVX,3.06
1697068800.0,ethereum,0x4e3fbd56cd56c3e72c1403e103b45db9da5b9d2b,CVX,2.64
1698278400.0,ethereum,0x4e3fbd56cd56c3e72c1403e103b45db9da5b9d2b,CVX,2.83
1699488000.0,ethereum,0x4e3fbd56cd56c3e72c1403e103b45db9da5b9d2b,CVX,3.43
1700697600.0,ethereum,0x4e3fbd56cd56c3e72c1403e103b45db9da5b9d2b,CVX,3.76
1701907200.0,ethereum,0x4e3fbd56cd56c3e72c1403e103b45db9da5b9d2b,CVX,3.87
1703116800.0,ethereum,0x4e3fbd56cd56c3e72c1403e103b45db9da5b9d2b,CVX,3.4
1704326400.0,ethereum,0x4e3fbd56cd56c3e72c1403e103b45db9da5b9d2b,CVX,3.15
1705536000.0,ethereum,0x4e3fbd56cd56c3e72c1403e103b45db9da5b9d2b,CVX,2.99
1706745600.0,ethereum,0x4e3fbd56cd56c3e72c1403e103b45db9da5b9d2b,CVX,2.92
1707955200.0,ethereum,0x4e3fbd56cd56c3e72c1403e103b45db9da5b9d2b,CVX,3.51
1709164800.0,ethereum,0x4e3fbd56cd56c3e72c1403e103b45db9da5b9d2b,CVX,5.03
1710374400.0,ethereum,0x4e3fbd56cd56c3e72c1403e103b45db9da5b9d2b,CVX,5.07
1711584000.0,ethereum,0x4e3fbd56cd56c3e72c1403e103b45db9da5b9d2b,CVX,4.1
1712793600.0,ethereum,0x4e3fbd56cd56c3e72c1403e103b45db9da5b9d2b,CVX,3.65
1714003200.0,ethereum,0x4e3fbd56cd56c3e72c1403e103b45db9da5b9d2b,CVX,2.64
1715212800.0,ethereum,0x4e3fbd56cd56c3e72c1403e103b45db9da5b9d2b,CVX,2.51
1716422400.0,ethereum,0x4e3fbd56cd56c3e72c1403e103b45db9da5b9d2b,CVX,2.72
1717632000.0,ethereum,0x4e3fbd56cd56c3e72c1403e103b45db9da5b9d2b,CVX,2.84
1718841600.0,ethereum,0x4e3fbd56cd56c3e72c1403e103b45db9da5b9d2b,CVX,3.87
1720051200.0,ethereum,0x4e3fbd56cd56c3e72c1403e103b45db9da5b9d2b,CVX,2.71
1721260800.0,ethereum,0x4e3fbd56cd56c3e72c1403e103b45db9da5b9d2b,CVX,2.49
1722470400.0,ethereum,0x4e3fbd56cd56c3e72c1403e103b45db9da5b9d2b,CVX,2.95
1722470400.0,ethereum,0xd533a949740bb3306d119cc777fa900ba034cd52,CRV,0.261317785655453
