gauge,amount,symbol,token_price_current,usd,score_current,token_current,token_name_current,per,transaction_hash_current,block_hash_current,block_number_current,amount_last,token_price_last,usd_last,score_last,token_last,token_name_last,per_vote_last,transaction_hash_last,block_hash_last,block_number_last,chng,forecast,per_current
ETH+CNC (0x838a…),"4,874",CNC,1.19,5799.876923076923,271989.62465836824,0x9aE380F0272E2162340a5bB646c354271c0F5cFC,Conic Finance Token,0.0213,0x40d80af2ad467bba1bfa5d6c005b633f9580ed21c46238c05216ebb2446c502e,0x7fe5b969784c73a6378cd21cef7816210eca59b23d60ddb1b596c8f33c7c177a,18334549.0,"4,874",1.19,5799.876923076923,282237.6762486237,0x9aE380F0272E2162340a5bB646c354271c0F5cFC,Conic Finance Token,0.0205,0x40d80af2ad467bba1bfa5d6c005b633f9580ed21c46238c05216ebb2446c502e,0x7fe5b969784c73a6378cd21cef7816210eca59b23d60ddb1b596c8f33c7c177a,18334549.0,0.0,5799.876923076923,
WETH+CVX (0xB576…),"19,007",CVX,3.63,68995.55519999999,2199596.926315035,0x4e3FBD56CD56c3e72c1403e103b45Db9da5B9D2B,Convex Token,0.0314,0xe7d635c5d3b811dcaaeb7503df02fb743d3585ff07a95b28a1d48c2af381a40c,0xdf7f2b2cf71d8189fb536ebdad6e4aa6521dbb7312430021c9908786693044ad,18538795.0,"19,007",2.82,53599.85279999999,2163417.195363557,0x4e3FBD56CD56c3e72c1403e103b45Db9da5B9D2B,Convex Token,0.0248,0xa4a287ddde19a32fe46085082aa3cc194e8b5d7fdc44e86e302109110f512f6a,0xfdcba015d29d21dfb1931307154ae70d17bc7fab3f20badfcfa5590fc56ad751,18438709.0,28.7,68995.55519999999,
CVX+FRAXBP (0xBEc5…),"1,010",CVX,3.63,3666.0096,58076.63852214004,0x4e3FBD56CD56c3e72c1403e103b45Db9da5B9D2B,Convex Token,0.0631,0xe7d635c5d3b811dcaaeb7503df02fb743d3585ff07a95b28a1d48c2af381a40c,0xdf7f2b2cf71d8189fb536ebdad6e4aa6521dbb7312430021c9908786693044ad,18538795.0,"1,010",2.82,2847.9744,64829.2323919313,0x4e3FBD56CD56c3e72c1403e103b45Db9da5B9D2B,Convex Token,0.0439,0xa4a287ddde19a32fe46085082aa3cc194e8b5d7fdc44e86e302109110f512f6a,0xfdcba015d29d21dfb1931307154ae70d17bc7fab3f20badfcfa5590fc56ad751,18438709.0,28.7,3666.0096,
frxETH+CVX (0x47D5…),"5,207",CVX,3.63,18901.5552,320862.27096702624,0x4e3FBD56CD56c3e72c1403e103b45Db9da5B9D2B,Convex Token,0.0589,0xe7d635c5d3b811dcaaeb7503df02fb743d3585ff07a95b28a1d48c2af381a40c,0xdf7f2b2cf71d8189fb536ebdad6e4aa6521dbb7312430021c9908786693044ad,18538795.0,"5,207",2.82,14683.8528,364740.0977766269,0x4e3FBD56CD56c3e72c1403e103b45Db9da5B9D2B,Convex Token,0.0403,0xa4a287ddde19a32fe46085082aa3cc194e8b5d7fdc44e86e302109110f512f6a,0xfdcba015d29d21dfb1931307154ae70d17bc7fab3f20badfcfa5590fc56ad751,18438709.0,28.7,18901.5552,
CRV+cvxCRV (0x971a…),"83,599",CVX,3.63,303463.3536,10553302.354733294,0x4e3FBD56CD56c3e72c1403e103b45Db9da5B9D2B,Convex Token,0.0288,0xe7d635c5d3b811dcaaeb7503df02fb743d3585ff07a95b28a1d48c2af381a40c,0xdf7f2b2cf71d8189fb536ebdad6e4aa6521dbb7312430021c9908786693044ad,18538795.0,"83,238",2.82,234730.4832,10280773.648150554,0x4e3FBD56CD56c3e72c1403e103b45Db9da5B9D2B,Convex Token,0.0228,0xa4a287ddde19a32fe46085082aa3cc194e8b5d7fdc44e86e302109110f512f6a,0xfdcba015d29d21dfb1931307154ae70d17bc7fab3f20badfcfa5590fc56ad751,18438709.0,29.3,303463.3536,
cvxCRV+FRAXBP (0x31c3…),"1,716",CVX,3.63,6230.8224,100997.36002800986,0x4e3FBD56CD56c3e72c1403e103b45Db9da5B9D2B,Convex Token,0.0617,0xe7d635c5d3b811dcaaeb7503df02fb743d3585ff07a95b28a1d48c2af381a40c,0xdf7f2b2cf71d8189fb536ebdad6e4aa6521dbb7312430021c9908786693044ad,18538795.0,"1,713",2.82,4829.6448,105916.4635693172,0x4e3FBD56CD56c3e72c1403e103b45Db9da5B9D2B,Convex Token,0.0456,0xa4a287ddde19a32fe46085082aa3cc194e8b5d7fdc44e86e302109110f512f6a,0xfdcba015d29d21dfb1931307154ae70d17bc7fab3f20badfcfa5590fc56ad751,18438709.0,29.0,6230.8224,
FXS+cvxFXS (0x6a90…),"23,135",CVX,3.63,83980.19519999999,1972655.0869852928,0x4e3FBD56CD56c3e72c1403e103b45Db9da5B9D2B,Convex Token,0.0426,0xe7d635c5d3b811dcaaeb7503df02fb743d3585ff07a95b28a1d48c2af381a40c,0xdf7f2b2cf71d8189fb536ebdad6e4aa6521dbb7312430021c9908786693044ad,18538795.0,"23,276",2.82,65638.7712,2649357.61123929,0x4e3FBD56CD56c3e72c1403e103b45Db9da5B9D2B,Convex Token,0.0248,0xa4a287ddde19a32fe46085082aa3cc194e8b5d7fdc44e86e302109110f512f6a,0xfdcba015d29d21dfb1931307154ae70d17bc7fab3f20badfcfa5590fc56ad751,18438709.0,27.9,83980.19519999999,
cvxFXS+FRAXBP (0x21d1…),"1,217",CVX,3.63,4418.7264,79149.61921782313,0x4e3FBD56CD56c3e72c1403e103b45Db9da5B9D2B,Convex Token,0.0558,0xe7d635c5d3b811dcaaeb7503df02fb743d3585ff07a95b28a1d48c2af381a40c,0xdf7f2b2cf71d8189fb536ebdad6e4aa6521dbb7312430021c9908786693044ad,18538795.0,"1,225",2.82,3454.3872,83757.03822794286,0x4e3FBD56CD56c3e72c1403e103b45Db9da5B9D2B,Convex Token,0.0412,0xa4a287ddde19a32fe46085082aa3cc194e8b5d7fdc44e86e302109110f512f6a,0xfdcba015d29d21dfb1931307154ae70d17bc7fab3f20badfcfa5590fc56ad751,18438709.0,27.9,4418.7264,
FPIS+cvxFPIS (0xfBB4…),"1,168",CVX,3.63,4241.0016,134667.46396490443,0x4e3FBD56CD56c3e72c1403e103b45Db9da5B9D2B,Convex Token,0.0315,0xe7d635c5d3b811dcaaeb7503df02fb743d3585ff07a95b28a1d48c2af381a40c,0xdf7f2b2cf71d8189fb536ebdad6e4aa6521dbb7312430021c9908786693044ad,18538795.0,"1,380",2.82,3890.2464,155892.82007573824,0x4e3FBD56CD56c3e72c1403e103b45Db9da5B9D2B,Convex Token,0.0250,0xa4a287ddde19a32fe46085082aa3cc194e8b5d7fdc44e86e302109110f512f6a,0xfdcba015d29d21dfb1931307154ae70d17bc7fab3f20badfcfa5590fc56ad751,18438709.0,9.0,4241.0016,
FXN+cvxFXN (0x1062…),"1,028",CVX,3.63,3732.2208,104888.87290173669,0x4e3FBD56CD56c3e72c1403e103b45Db9da5B9D2B,Convex Token,0.0356,0xe7d635c5d3b811dcaaeb7503df02fb743d3585ff07a95b28a1d48c2af381a40c,0xdf7f2b2cf71d8189fb536ebdad6e4aa6521dbb7312430021c9908786693044ad,18538795.0,"1,028",2.82,2899.4112,123466.857124198,0x4e3FBD56CD56c3e72c1403e103b45Db9da5B9D2B,Convex Token,0.0235,0xa4a287ddde19a32fe46085082aa3cc194e8b5d7fdc44e86e302109110f512f6a,0xfdcba015d29d21dfb1931307154ae70d17bc7fab3f20badfcfa5590fc56ad751,18438709.0,28.7,3732.2208,
msUSD+FRAXBP (0xc3b1…),"21,120",MET,0.928737,19614.92544,463241.304257946,0x2Ebd53d035150f328bd754D6DC66B99B0eDB89aa,Metronome2,0.0423,0xbefc9ebe167bed520444797695c39f6a4963e777db4146bc5531413bb823794a,0xe6f1f333f0fd7cda4e4769c9643c665958cd827ef934cdfed18a76f151282260,18544498.0,"21,120",0.852123,17996.83776,369528.9086737148,0x2Ebd53d035150f328bd754D6DC66B99B0eDB89aa,Metronome2,0.0487,0xabe2d600952a3e84181f74070c20e46ba50820bbf82316d6be203c172c4cb0d2,0xc745c2f735295cfd53494e0684ad5adde60ce2801ed8bfb4cf9dba4a5213348b,18442737.0,9.0,19614.92544,
msETH+WETH (0xa4c5…),"15,360",MET,0.928737,14265.40032,391871.17436603433,0x2Ebd53d035150f328bd754D6DC66B99B0eDB89aa,Metronome2,0.0364,0xbefc9ebe167bed520444797695c39f6a4963e777db4146bc5531413bb823794a,0xe6f1f333f0fd7cda4e4769c9643c665958cd827ef934cdfed18a76f151282260,18544498.0,"15,360",0.852123,13088.60928,505373.2035812351,0x2Ebd53d035150f328bd754D6DC66B99B0eDB89aa,Metronome2,0.0259,0xabe2d600952a3e84181f74070c20e46ba50820bbf82316d6be203c172c4cb0d2,0xc745c2f735295cfd53494e0684ad5adde60ce2801ed8bfb4cf9dba4a5213348b,18442737.0,9.0,14265.40032,
alUSD+FRAXBP (0xB30d…),"5,760",ALCX,16.25,93600.0,2363792.917016324,0xdBdb4d16EdA451D0503b854CF79D55697F90c8DF,Alchemix,0.0396,0xfef5206ea02a9207559cfccb0c4837835cd1054e0557296490c89e03c2f51696,0x6ccf02b51a52cc41e157b3ca35f010f615b4b1d8cbe448e323fbd6108ba847fd,18547736.0,"5,760",13.33,76780.8,1867996.716576181,0xdBdb4d16EdA451D0503b854CF79D55697F90c8DF,Alchemix,0.0411,0x0d192369c3a7b4ee7e52519ea431e05aed2bb06e466b79ae0e1b3b72da9e711c,0x78825d5502f384db6eaa32939f78ce514ccb4dd885dce9a684f386d0dd0f2098,18426269.0,21.9,93600.0,
alUSD+3Crv (0x43b4…),480,ALCX,16.25,7800.0,262931.60735462693,0xdBdb4d16EdA451D0503b854CF79D55697F90c8DF,Alchemix,0.0297,0xfef5206ea02a9207559cfccb0c4837835cd1054e0557296490c89e03c2f51696,0x6ccf02b51a52cc41e157b3ca35f010f615b4b1d8cbe448e323fbd6108ba847fd,18547736.0,480,13.33,6398.4,263391.93690438446,0xdBdb4d16EdA451D0503b854CF79D55697F90c8DF,Alchemix,0.0243,0x0d192369c3a7b4ee7e52519ea431e05aed2bb06e466b79ae0e1b3b72da9e711c,0x78825d5502f384db6eaa32939f78ce514ccb4dd885dce9a684f386d0dd0f2098,18426269.0,21.9,7800.0,
FRAX+USDC (0xDcEF…),"11,170",FXS,6.8,75953.28,4747648.496903101,0x3432B6A60D23Ca0dFCa7761B7ab56459D9C964D0,Frax Share,0.0160,0xf4fed1cf9059abe4a52589ecd88d6ca48308dbc91bb78d81385f42e60df6dbb2,0xb535c59330b562fe876984aca2f7ed7d4c22b62475f850495d5fc78a450f645e,18557226.0,"12,473",6.12,76336.47360000001,3481261.3609680794,0x3432B6A60D23Ca0dFCa7761B7ab56459D9C964D0,Frax Share,0.0219,0x18d98cd9d7e5fc37e7d8f5b269789c88c86f5dbd9c85271799d406c8a8eb8fb0,0x1e1d67aec92698c27471f09f24b901b3e9452a87c447e95393cc873ba27e4c24,18456846.0,-0.5,75953.28,
FRAX+USDP (0xaE34…),"8,491",FXS,6.8,57740.16,4479077.939988111,0x3432B6A60D23Ca0dFCa7761B7ab56459D9C964D0,Frax Share,0.0129,0xf4fed1cf9059abe4a52589ecd88d6ca48308dbc91bb78d81385f42e60df6dbb2,0xb535c59330b562fe876984aca2f7ed7d4c22b62475f850495d5fc78a450f645e,18557226.0,"10,647",6.12,65161.8432,2510470.5339528485,0x3432B6A60D23Ca0dFCa7761B7ab56459D9C964D0,Frax Share,0.0260,0x18d98cd9d7e5fc37e7d8f5b269789c88c86f5dbd9c85271799d406c8a8eb8fb0,0x1e1d67aec92698c27471f09f24b901b3e9452a87c447e95393cc873ba27e4c24,18456846.0,-11.4,57740.16,
FRAX+crvUSD (0x0CD6…),"1,504",FXS,6.8,10229.376,440670.1561453925,0x3432B6A60D23Ca0dFCa7761B7ab56459D9C964D0,Frax Share,0.0232,0xf4fed1cf9059abe4a52589ecd88d6ca48308dbc91bb78d81385f42e60df6dbb2,0xb535c59330b562fe876984aca2f7ed7d4c22b62475f850495d5fc78a450f645e,18557226.0,893,6.12,5463.936,1013582.8397145408,0x3432B6A60D23Ca0dFCa7761B7ab56459D9C964D0,Frax Share,0.0054,0x18d98cd9d7e5fc37e7d8f5b269789c88c86f5dbd9c85271799d406c8a8eb8fb0,0x1e1d67aec92698c27471f09f24b901b3e9452a87c447e95393cc873ba27e4c24,18456846.0,87.2,10229.376,
FRAX+FPI (0xf861…),"6,189",FXS,6.8,42086.016,2175710.121821644,0x3432B6A60D23Ca0dFCa7761B7ab56459D9C964D0,Frax Share,0.0193,0xf4fed1cf9059abe4a52589ecd88d6ca48308dbc91bb78d81385f42e60df6dbb2,0xb535c59330b562fe876984aca2f7ed7d4c22b62475f850495d5fc78a450f645e,18557226.0,"6,919",6.12,42342.5664,1748248.2894779022,0x3432B6A60D23Ca0dFCa7761B7ab56459D9C964D0,Frax Share,0.0242,0x18d98cd9d7e5fc37e7d8f5b269789c88c86f5dbd9c85271799d406c8a8eb8fb0,0x1e1d67aec92698c27471f09f24b901b3e9452a87c447e95393cc873ba27e4c24,18456846.0,-0.6,42086.016,
alUSD+FRAXBP (0xB30d…),"2,194",FXS,6.801707038163722,14924.976389184412,2363792.917016324,0x3432B6A60D23Ca0dFCa7761B7ab56459D9C964D0,Frax Share,0.0063,0x0bb91f22a5dbb93f6cba3c1ca012b8b302f4255bad12b890e063b7986c7c495e,0x9e12e21f3a2071d8c137fa95c77be93012dc6e6d034acb79868e7d664bde6d43,18557313.0,"2,386",6.1,14555.09592992936,1867996.716576181,0x3432B6A60D23Ca0dFCa7761B7ab56459D9C964D0,Frax Share,0.0078,0x8b14c72d676ed71a3d6cf4e2d0f45c78e098e4b413f36535ae3fe9600d449151,0x0ceb29d08b1bd0bd656c01d4381ae858fdbcce5d7bdcab1da4e9e11847032a16,18456733.0,2.5,14924.976389184412,
eUSD+FRAXBP (0xAEda…),625,FXS,6.801707038163722,4254.230829738551,952805.6856310244,0x3432B6A60D23Ca0dFCa7761B7ab56459D9C964D0,Frax Share,0.0045,0x0bb91f22a5dbb93f6cba3c1ca012b8b302f4255bad12b890e063b7986c7c495e,0x9e12e21f3a2071d8c137fa95c77be93012dc6e6d034acb79868e7d664bde6d43,18557313.0,669,6.1,4079.7452910731536,950491.0537971398,0x3432B6A60D23Ca0dFCa7761B7ab56459D9C964D0,Frax Share,0.0043,0x8b14c72d676ed71a3d6cf4e2d0f45c78e098e4b413f36535ae3fe9600d449151,0x0ceb29d08b1bd0bd656c01d4381ae858fdbcce5d7bdcab1da4e9e11847032a16,18456733.0,4.3,4254.230829738551,
ZUSD+FRAXBP (0x400d…),66,FXS,6.801707038163722,451.9103228194588,11728.283794180274,0x3432B6A60D23Ca0dFCa7761B7ab56459D9C964D0,Frax Share,0.0385,0x0bb91f22a5dbb93f6cba3c1ca012b8b302f4255bad12b890e063b7986c7c495e,0x9e12e21f3a2071d8c137fa95c77be93012dc6e6d034acb79868e7d664bde6d43,18557313.0,72,6.1,437.677631471642,54750.80487408388,0x3432B6A60D23Ca0dFCa7761B7ab56459D9C964D0,Frax Share,0.0080,0x8b14c72d676ed71a3d6cf4e2d0f45c78e098e4b413f36535ae3fe9600d449151,0x0ceb29d08b1bd0bd656c01d4381ae858fdbcce5d7bdcab1da4e9e11847032a16,18456733.0,3.3,451.9103228194588,
DOLA+FRAXBP (0xE571…),"1,161",FXS,6.801707038163722,7897.771436490776,1432820.4356244423,0x3432B6A60D23Ca0dFCa7761B7ab56459D9C964D0,Frax Share,0.0055,0x0bb91f22a5dbb93f6cba3c1ca012b8b302f4255bad12b890e063b7986c7c495e,0x9e12e21f3a2071d8c137fa95c77be93012dc6e6d034acb79868e7d664bde6d43,18557313.0,"1,072",6.1,6536.322763789761,1285366.2062829426,0x3432B6A60D23Ca0dFCa7761B7ab56459D9C964D0,Frax Share,0.0051,0x8b14c72d676ed71a3d6cf4e2d0f45c78e098e4b413f36535ae3fe9600d449151,0x0ceb29d08b1bd0bd656c01d4381ae858fdbcce5d7bdcab1da4e9e11847032a16,18456733.0,20.8,7897.771436490776,
STG+FRAXBP (0x867f…),276,FXS,6.801707038163722,1880.2514812920128,55046.10760339671,0x3432B6A60D23Ca0dFCa7761B7ab56459D9C964D0,Frax Share,0.0342,0x0bb91f22a5dbb93f6cba3c1ca012b8b302f4255bad12b890e063b7986c7c495e,0x9e12e21f3a2071d8c137fa95c77be93012dc6e6d034acb79868e7d664bde6d43,18557313.0,272,6.1,1656.394059326458,64377.98230374869,0x3432B6A60D23Ca0dFCa7761B7ab56459D9C964D0,Frax Share,0.0257,0x8b14c72d676ed71a3d6cf4e2d0f45c78e098e4b413f36535ae3fe9600d449151,0x0ceb29d08b1bd0bd656c01d4381ae858fdbcce5d7bdcab1da4e9e11847032a16,18456733.0,13.5,1880.2514812920128,
COIL+FRAXBP (0xAF42…),113,FXS,6.801707038163722,765.2960882262256,19306.85682671446,0x3432B6A60D23Ca0dFCa7761B7ab56459D9C964D0,Frax Share,0.0396,0x0bb91f22a5dbb93f6cba3c1ca012b8b302f4255bad12b890e063b7986c7c495e,0x9e12e21f3a2071d8c137fa95c77be93012dc6e6d034acb79868e7d664bde6d43,18557313.0,145,6.1,886.6919711696277,51060.34581904319,0x3432B6A60D23Ca0dFCa7761B7ab56459D9C964D0,Frax Share,0.0174,0x8b14c72d676ed71a3d6cf4e2d0f45c78e098e4b413f36535ae3fe9600d449151,0x0ceb29d08b1bd0bd656c01d4381ae858fdbcce5d7bdcab1da4e9e11847032a16,18456733.0,-13.7,765.2960882262256,
cvxFXS+FRAXBP (0x21d1…),108,FXS,6.801707038163722,732.1794551265557,79149.61921782313,0x3432B6A60D23Ca0dFCa7761B7ab56459D9C964D0,Frax Share,0.0093,0x0bb91f22a5dbb93f6cba3c1ca012b8b302f4255bad12b890e063b7986c7c495e,0x9e12e21f3a2071d8c137fa95c77be93012dc6e6d034acb79868e7d664bde6d43,18557313.0,127,6.1,775.7093688663161,83757.03822794286,0x3432B6A60D23Ca0dFCa7761B7ab56459D9C964D0,Frax Share,0.0093,0x8b14c72d676ed71a3d6cf4e2d0f45c78e098e4b413f36535ae3fe9600d449151,0x0ceb29d08b1bd0bd656c01d4381ae858fdbcce5d7bdcab1da4e9e11847032a16,18456733.0,-5.6,732.1794551265557,
msUSD+FRAXBP (0xc3b1…),160,FXS,6.801707038163722,1086.7127053292068,463241.304257946,0x3432B6A60D23Ca0dFCa7761B7ab56459D9C964D0,Frax Share,0.0023,0x0bb91f22a5dbb93f6cba3c1ca012b8b302f4255bad12b890e063b7986c7c495e,0x9e12e21f3a2071d8c137fa95c77be93012dc6e6d034acb79868e7d664bde6d43,18557313.0,189,6.1,1150.3032130296615,369528.9086737148,0x3432B6A60D23Ca0dFCa7761B7ab56459D9C964D0,Frax Share,0.0031,0x8b14c72d676ed71a3d6cf4e2d0f45c78e098e4b413f36535ae3fe9600d449151,0x0ceb29d08b1bd0bd656c01d4381ae858fdbcce5d7bdcab1da4e9e11847032a16,18456733.0,-5.5,1086.7127053292068,
clevUSD+FRAXBP (0x84C3…),87,FXS,6.801707038163722,593.9886307505726,15909.729092312262,0x3432B6A60D23Ca0dFCa7761B7ab56459D9C964D0,Frax Share,0.0373,0x0bb91f22a5dbb93f6cba3c1ca012b8b302f4255bad12b890e063b7986c7c495e,0x9e12e21f3a2071d8c137fa95c77be93012dc6e6d034acb79868e7d664bde6d43,18557313.0,94,6.1,575.281253603619,67904.06429682298,0x3432B6A60D23Ca0dFCa7761B7ab56459D9C964D0,Frax Share,0.0085,0x8b14c72d676ed71a3d6cf4e2d0f45c78e098e4b413f36535ae3fe9600d449151,0x0ceb29d08b1bd0bd656c01d4381ae858fdbcce5d7bdcab1da4e9e11847032a16,18456733.0,3.3,593.9886307505726,
cvxCRV+FRAXBP (0x31c3…),84,FXS,6.801707038163722,574.0590962145253,100997.36002800986,0x3432B6A60D23Ca0dFCa7761B7ab56459D9C964D0,Frax Share,0.0057,0x0bb91f22a5dbb93f6cba3c1ca012b8b302f4255bad12b890e063b7986c7c495e,0x9e12e21f3a2071d8c137fa95c77be93012dc6e6d034acb79868e7d664bde6d43,18557313.0,76,6.1,462.7886501318387,105916.4635693172,0x3432B6A60D23Ca0dFCa7761B7ab56459D9C964D0,Frax Share,0.0044,0x8b14c72d676ed71a3d6cf4e2d0f45c78e098e4b413f36535ae3fe9600d449151,0x0ceb29d08b1bd0bd656c01d4381ae858fdbcce5d7bdcab1da4e9e11847032a16,18456733.0,24.0,574.0590962145253,
CVX+FRAXBP (0xBEc5…),73,FXS,6.801707038163722,497.586559075849,58076.63852214004,0x3432B6A60D23Ca0dFCa7761B7ab56459D9C964D0,Frax Share,0.0086,0x0bb91f22a5dbb93f6cba3c1ca012b8b302f4255bad12b890e063b7986c7c495e,0x9e12e21f3a2071d8c137fa95c77be93012dc6e6d034acb79868e7d664bde6d43,18557313.0,66,6.1,405.06517774496393,64829.2323919313,0x3432B6A60D23Ca0dFCa7761B7ab56459D9C964D0,Frax Share,0.0062,0x8b14c72d676ed71a3d6cf4e2d0f45c78e098e4b413f36535ae3fe9600d449151,0x0ceb29d08b1bd0bd656c01d4381ae858fdbcce5d7bdcab1da4e9e11847032a16,18456733.0,22.8,497.586559075849,
SDT+FRAXBP (0x3e3C…),12,FXS,6.801707038163722,82.33147551018376,1886.88812302203,0x3432B6A60D23Ca0dFCa7761B7ab56459D9C964D0,Frax Share,0.0436,0x0bb91f22a5dbb93f6cba3c1ca012b8b302f4255bad12b890e063b7986c7c495e,0x9e12e21f3a2071d8c137fa95c77be93012dc6e6d034acb79868e7d664bde6d43,18557313.0,8,6.1,50.51716792354512,85100.57636507197,0x3432B6A60D23Ca0dFCa7761B7ab56459D9C964D0,Frax Share,0.0006,0x8b14c72d676ed71a3d6cf4e2d0f45c78e098e4b413f36535ae3fe9600d449151,0x0ceb29d08b1bd0bd656c01d4381ae858fdbcce5d7bdcab1da4e9e11847032a16,18456733.0,63.0,82.33147551018376,
TUSD+FRAXBP (0x33ba…),17,FXS,6.801707038163722,116.14880766737468,3315.2120488564005,0x3432B6A60D23Ca0dFCa7761B7ab56459D9C964D0,Frax Share,0.0350,0x0bb91f22a5dbb93f6cba3c1ca012b8b302f4255bad12b890e063b7986c7c495e,0x9e12e21f3a2071d8c137fa95c77be93012dc6e6d034acb79868e7d664bde6d43,18557313.0,26,6.1,157.54766591951326,51060.34581904319,0x3432B6A60D23Ca0dFCa7761B7ab56459D9C964D0,Frax Share,0.0031,0x8b14c72d676ed71a3d6cf4e2d0f45c78e098e4b413f36535ae3fe9600d449151,0x0ceb29d08b1bd0bd656c01d4381ae858fdbcce5d7bdcab1da4e9e11847032a16,18456733.0,-26.3,116.14880766737468,
mkUSD+FRAXBP (0x0CFe…),"1,296",FXS,6.801707038163722,8816.471903055653,462862.2737501341,0x3432B6A60D23Ca0dFCa7761B7ab56459D9C964D0,Frax Share,0.0190,0x0bb91f22a5dbb93f6cba3c1ca012b8b302f4255bad12b890e063b7986c7c495e,0x9e12e21f3a2071d8c137fa95c77be93012dc6e6d034acb79868e7d664bde6d43,18557313.0,327,6.1,1993.8802791303424,152855.32087713442,0x3432B6A60D23Ca0dFCa7761B7ab56459D9C964D0,Frax Share,0.0130,0x8b14c72d676ed71a3d6cf4e2d0f45c78e098e4b413f36535ae3fe9600d449151,0x0ceb29d08b1bd0bd656c01d4381ae858fdbcce5d7bdcab1da4e9e11847032a16,18456733.0,342.2,8816.471903055653,
fETH+FRAXBP (0x5f5F…),47,FXS,6.801707038163722,316.3250051354143,8225.710921879503,0x3432B6A60D23Ca0dFCa7761B7ab56459D9C964D0,Frax Share,0.0385,0x0bb91f22a5dbb93f6cba3c1ca012b8b302f4255bad12b890e063b7986c7c495e,0x9e12e21f3a2071d8c137fa95c77be93012dc6e6d034acb79868e7d664bde6d43,18557313.0,50,6.1,305.48717626982733,85100.57636507197,0x3432B6A60D23Ca0dFCa7761B7ab56459D9C964D0,Frax Share,0.0036,0x8b14c72d676ed71a3d6cf4e2d0f45c78e098e4b413f36535ae3fe9600d449151,0x0ceb29d08b1bd0bd656c01d4381ae858fdbcce5d7bdcab1da4e9e11847032a16,18456733.0,3.5,316.3250051354143,
PYUSD+FRAXBP (0x61fA…),102,FXS,6.801707038163722,692.3117045992822,205551.70571371572,0x3432B6A60D23Ca0dFCa7761B7ab56459D9C964D0,Frax Share,0.0034,0x0bb91f22a5dbb93f6cba3c1ca012b8b302f4255bad12b890e063b7986c7c495e,0x9e12e21f3a2071d8c137fa95c77be93012dc6e6d034acb79868e7d664bde6d43,18557313.0,61,6.1,372.4837715377785,143241.2930040878,0x3432B6A60D23Ca0dFCa7761B7ab56459D9C964D0,Frax Share,0.0026,0x8b14c72d676ed71a3d6cf4e2d0f45c78e098e4b413f36535ae3fe9600d449151,0x0ceb29d08b1bd0bd656c01d4381ae858fdbcce5d7bdcab1da4e9e11847032a16,18456733.0,85.9,692.3117045992822,
FRAX+tBTC+frxETH (0x4D19…),40,FXS,6.811546138660305,270.8756116681862,7028.507733445258,0x3432B6A60D23Ca0dFCa7761B7ab56459D9C964D0,Frax Share,0.0385,0xfcf0e0dc418672451d93252854fce2dcf2d1cce7480b13e5aad11ce5a966d124,0x06dd44c5e8f04a4e546c265bd831187ee140d1f8d61f46d13e4aaf84f3b0a727,18557365.0,nan,,,,,,nan,,,,nan,270.8756116681862,
frxETH+CVX (0x47D5…),500,FXS,6.7872057684941725,3395.296027337226,320862.27096702624,0x3432B6A60D23Ca0dFCa7761B7ab56459D9C964D0,Frax Share,0.0106,0x0ec4081c98c9b7b24d9c27372ca5d2182ef00f0a193b8d375a6fa180a520fcbd,0xb063ef79667cac69ada711be51acd1aaa43f095a425b846c2a59837f4fdc6f46,18557536.0,589,6.1,3594.1732147618927,364740.0977766269,0x3432B6A60D23Ca0dFCa7761B7ab56459D9C964D0,Frax Share,0.0099,0x35ad9e27a322df61861ab69bdf872d80dfb07b79840489707ef92509b91ba78d,0xa29a008b6f557ba70e3988a949e388556440260831d0a8bb711bf702a8e205ee,18456949.0,-5.5,3395.296027337226,
sETH+frxETH (0x663a…),74,FXS,6.7872057684941725,500.6941864023997,13128.460076596952,0x3432B6A60D23Ca0dFCa7761B7ab56459D9C964D0,Frax Share,0.0381,0x0ec4081c98c9b7b24d9c27372ca5d2182ef00f0a193b8d375a6fa180a520fcbd,0xb063ef79667cac69ada711be51acd1aaa43f095a425b846c2a59837f4fdc6f46,18557536.0,139,6.1,845.8586153347926,51060.34581904319,0x3432B6A60D23Ca0dFCa7761B7ab56459D9C964D0,Frax Share,0.0166,0x35ad9e27a322df61861ab69bdf872d80dfb07b79840489707ef92509b91ba78d,0xa29a008b6f557ba70e3988a949e388556440260831d0a8bb711bf702a8e205ee,18456949.0,-40.8,500.6941864023997,
rETH+frxETH (0xe7c6…),99,FXS,6.7872057684941725,675.1072477402929,18153.83533439344,0x3432B6A60D23Ca0dFCa7761B7ab56459D9C964D0,Frax Share,0.0372,0x0ec4081c98c9b7b24d9c27372ca5d2182ef00f0a193b8d375a6fa180a520fcbd,0xb063ef79667cac69ada711be51acd1aaa43f095a425b846c2a59837f4fdc6f46,18557536.0,117,6.1,711.7140644526143,51060.34581904319,0x3432B6A60D23Ca0dFCa7761B7ab56459D9C964D0,Frax Share,0.0139,0x35ad9e27a322df61861ab69bdf872d80dfb07b79840489707ef92509b91ba78d,0xa29a008b6f557ba70e3988a949e388556440260831d0a8bb711bf702a8e205ee,18456949.0,-5.1,675.1072477402929,
cbETH+frxETH (0x7306…),89,FXS,6.7872057684941725,607.0074036724644,61205.62029284786,0x3432B6A60D23Ca0dFCa7761B7ab56459D9C964D0,Frax Share,0.0099,0x0ec4081c98c9b7b24d9c27372ca5d2182ef00f0a193b8d375a6fa180a520fcbd,0xb063ef79667cac69ada711be51acd1aaa43f095a425b846c2a59837f4fdc6f46,18557536.0,111,6.1,677.9224658674915,51060.34581904319,0x3432B6A60D23Ca0dFCa7761B7ab56459D9C964D0,Frax Share,0.0133,0x35ad9e27a322df61861ab69bdf872d80dfb07b79840489707ef92509b91ba78d,0xa29a008b6f557ba70e3988a949e388556440260831d0a8bb711bf702a8e205ee,18456949.0,-10.5,607.0074036724644,
ankrETH+frxETH (0x41eA…),58,FXS,6.7872057684941725,396.1885038734668,10593.453916728367,0x3432B6A60D23Ca0dFCa7761B7ab56459D9C964D0,Frax Share,0.0374,0x0ec4081c98c9b7b24d9c27372ca5d2182ef00f0a193b8d375a6fa180a520fcbd,0xb063ef79667cac69ada711be51acd1aaa43f095a425b846c2a59837f4fdc6f46,18557536.0,74,6.1,451.43886064200495,51060.34581904319,0x3432B6A60D23Ca0dFCa7761B7ab56459D9C964D0,Frax Share,0.0088,0x35ad9e27a322df61861ab69bdf872d80dfb07b79840489707ef92509b91ba78d,0xa29a008b6f557ba70e3988a949e388556440260831d0a8bb711bf702a8e205ee,18456949.0,-12.2,396.1885038734668,
msETH+frxETH (0x2d60…),141,FXS,6.7872057684941725,955.6052857218674,164689.28642753666,0x3432B6A60D23Ca0dFCa7761B7ab56459D9C964D0,Frax Share,0.0058,0x0ec4081c98c9b7b24d9c27372ca5d2182ef00f0a193b8d375a6fa180a520fcbd,0xb063ef79667cac69ada711be51acd1aaa43f095a425b846c2a59837f4fdc6f46,18557536.0,135,6.1,826.5396740366607,169173.98998644302,0x3432B6A60D23Ca0dFCa7761B7ab56459D9C964D0,Frax Share,0.0049,0x35ad9e27a322df61861ab69bdf872d80dfb07b79840489707ef92509b91ba78d,0xa29a008b6f557ba70e3988a949e388556440260831d0a8bb711bf702a8e205ee,18456949.0,15.6,955.6052857218674,
MIM+3Crv (0x5a6A…),"105,600,000",SPELL,0.00056326,59480.256,2320027.0189172374,0x090185f2135308BaD17527004364eBcC2D37e5F6,Spell Token,0.0256,0x5a555c5970e330208ba5f105b625c64ec24105d0c5a777f74a80c63ca7ef80ec,0x34248c8b6c91caa61d432bc7b4c921fa153946a5fcbd98201f8a4999ef32da8b,18558882.0,"105,600,000",0.00047741,50414.496,2152016.388737665,0x090185f2135308BaD17527004364eBcC2D37e5F6,Spell Token,0.0234,0x5855d6c482f69fd9004100757703cca9a376aad79d1a62c841b3111981b3955b,0x8ea3315923a9de817ef93e31579d1f46d8d5e8b6076105a093bb335e88c4b121,18435708.0,18.0,59480.256,
DOLA+FRAXBP (0xE571…),"2,208",INV,33.32,73570.56,1432820.4356244423,0x41D5D79431A913C4aE7d69a668ecdfE5fF9DFB68,Inverse DAO,0.0513,0x5641bc6612f9b6c627f078214e25ea8d02a515093caa9695d4ffd1aba99804bf,0x6d28c0dc62be9fd4b31114fdd8aa2c04f09ba3c50b628482f541cd98f3500d78,18559987.0,"2,112",30.14,63655.68,1285366.2062829426,0x41D5D79431A913C4aE7d69a668ecdfE5fF9DFB68,Inverse DAO,0.0495,0x26f82dfd6c80e23f773a7ae283c3c4cdf5c49020e72e4df214c3f0a390b13371,0x8d27afe28ea031860600059f5fd15c35ded2cabcb5dde6029e0be23c27c53194,18458133.0,15.6,73570.56,
DOLA+crvUSD (0x8272…),288,INV,33.32,9596.16,289366.7373105221,0x41D5D79431A913C4aE7d69a668ecdfE5fF9DFB68,Inverse DAO,0.0332,0x5641bc6612f9b6c627f078214e25ea8d02a515093caa9695d4ffd1aba99804bf,0x6d28c0dc62be9fd4b31114fdd8aa2c04f09ba3c50b628482f541cd98f3500d78,18559987.0,288,30.14,8680.32,315456.4323840598,0x41D5D79431A913C4aE7d69a668ecdfE5fF9DFB68,Inverse DAO,0.0275,0x26f82dfd6c80e23f773a7ae283c3c4cdf5c49020e72e4df214c3f0a390b13371,0x8d27afe28ea031860600059f5fd15c35ded2cabcb5dde6029e0be23c27c53194,18458133.0,10.6,9596.16,
USDC+WETH+INV (0x5426…),288,INV,33.32,9596.16,288213.0950924066,0x41D5D79431A913C4aE7d69a668ecdfE5fF9DFB68,Inverse DAO,0.0333,0x5641bc6612f9b6c627f078214e25ea8d02a515093caa9695d4ffd1aba99804bf,0x6d28c0dc62be9fd4b31114fdd8aa2c04f09ba3c50b628482f541cd98f3500d78,18559987.0,288,30.14,8680.32,315824.4859046897,0x41D5D79431A913C4aE7d69a668ecdfE5fF9DFB68,Inverse DAO,0.0275,0x26f82dfd6c80e23f773a7ae283c3c4cdf5c49020e72e4df214c3f0a390b13371,0x8d27afe28ea031860600059f5fd15c35ded2cabcb5dde6029e0be23c27c53194,18458133.0,10.6,9596.16,
ETH+FXN (0xC15F…),2,WETH,2044.48,3925.4016,103609.45223512028,0xC02aaA39b223FE8D0A0e5C4F27eAD9083C756Cc2,Wrapped Ether,0.0379,0xa8ba3bc5560c559e2f759493eb7e240b5af927f1a97396dd244489fda16dc9a2,0xe0d668c02aa7a1cede92eb87b03da3bd177fcc07a31605bf8ecc03c2d8c090f5,18560634.0,2,1792.44,3441.4848,134303.2498960481,0xC02aaA39b223FE8D0A0e5C4F27eAD9083C756Cc2,Wrapped Ether,0.0256,0xad7862465933e162fcc266ca80b89417445ddec5ae192c0e4b17f85de2c28fe0,0x01d762375059be525c79d259b821d0c053b49a3bd822efa78e9808fad7527d81,18456394.0,14.1,3925.4016,
CVX+clevCVX (0xF907…),"2,208",CVX,3.92,8655.36,63586.15889703725,0x4e3FBD56CD56c3e72c1403e103b45Db9da5B9D2B,Convex Token,0.1361,0x3614275e0ec4426bbef87fe6168b3b6fbb2632b224ffb90d1561936a13e357e2,0x0543097e10445ab98506435d1120e5dec18356acd03c99e52f1fb8a749ece362,18560646.0,"2,208",2.92,6447.36,251051.03063565027,0x4e3FBD56CD56c3e72c1403e103b45Db9da5B9D2B,Convex Token,0.0257,0xc229a73e9682c1a650c25753c89323853540e3215fa67c1eaf22fe6ec27188ab,0xc0b291d05caa9e88a7bfba64539e1fbcd9e05e61c2650dbb5207ed771986f407,18456387.0,34.2,8655.36,
ETH+frxETH (0xa1F8…),"27,385",CRV,0.6180899366545299,16926.368191686837,318349.3478840467,0xD533a949740bb3306d119CC777fa900bA034cd52,Curve DAO Token,0.0532,0x7a2b2890f0c81eec3e7edf12fe3975ce121d77aefa7277737de3d30226a8a030,0x7644c0ae6a6fad459941343992d36928f83eb3781f5e4f61d6b1c5289eb3f849,18560716.0,nan,,,,,,nan,,,,nan,16926.368191686837,
WETH+frxETH (0x9c3B…),"115,749",CRV,0.6180899366545299,71543.36624861757,1516593.892507678,0xD533a949740bb3306d119CC777fa900bA034cd52,Curve DAO Token,0.0472,0x7a2b2890f0c81eec3e7edf12fe3975ce121d77aefa7277737de3d30226a8a030,0x7644c0ae6a6fad459941343992d36928f83eb3781f5e4f61d6b1c5289eb3f849,18560716.0,nan,,,,,,nan,,,,nan,71543.36624861757,
stETH+frxETH (0x4d9f…),"34,827",CRV,0.6180899366545299,21526.144053074917,363240.0624142593,0xD533a949740bb3306d119CC777fa900bA034cd52,Curve DAO Token,0.0593,0x7a2b2890f0c81eec3e7edf12fe3975ce121d77aefa7277737de3d30226a8a030,0x7644c0ae6a6fad459941343992d36928f83eb3781f5e4f61d6b1c5289eb3f849,18560716.0,nan,,,,,,nan,,,,nan,21526.144053074917,
crvUSD+frxETH+SDT (0x9543…),222,sdFXS,6.490860907748102,1439.413314902219,2.644544707158297,0x402F878BDd1f5C66FdAF0fabaBcF74741B68ac36,Stake DAO FXS,544.2953,0x840c3e4a2145b1a6d9ba38979ceac47af448c9491dd562833f5ca669c0cb3e31,0x892b91bc3021a437e39c2e21013d35e9ad499102233eb4a7c534dc150c682441,18562315.0,240,5.7352019548013855,1376.4484691523326,53840.73919258378,0x402F878BDd1f5C66FdAF0fabaBcF74741B68ac36,Stake DAO FXS,0.0256,0x6dcaf398f965b923b44c17bc17ba9a4d032f5fc14fd5565680d3d8256889e28d,0x7b24879955f26df1a0c331e669cc51a20b162f80fcc883b989dcc642994029a0,18440489.0,4.6,1439.413314902219,
FRAX+crvUSD (0x0CD6…),"96,000",CRV,0.594484,57070.464,440670.1561453925,0xD533a949740bb3306d119CC777fa900bA034cd52,Curve DAO Token,0.1295,0xce41cfc8a8b335b37b21bcf8235a144563c8a11ef787677cda0a59552277c4f1,0xe26dea5f7adb67130a5bde3299ddde7f091b4fcb403308a280eb0b06575e2c96,18562960.0,"96,000",0.429213,41204.448,1013582.8397145408,0xD533a949740bb3306d119CC777fa900bA034cd52,Curve DAO Token,0.0407,0x71c2e5306e88435cff7c8aa6f4bc8f757e335005e240b866f9dd8b5994cde38c,0xf4b4410b365bcc352fe5de4f7b2bc7bbdff81282d5adbb25c652d2f505128bb3,18339974.0,38.5,57070.464,
ETH+CLEV (0x342D…),nan,CVX,,,,,,nan,,,,672,2.92,1962.24,75556.52204882292,0x4e3FBD56CD56c3e72c1403e103b45Db9da5B9D2B,Convex Token,0.0260,0xc229a73e9682c1a650c25753c89323853540e3215fa67c1eaf22fe6ec27188ab,0xc0b291d05caa9e88a7bfba64539e1fbcd9e05e61c2650dbb5207ed771986f407,18456387.0,nan,2371.0654797221746,
WETH+frxETH (0x9c3B…),nan,FXS,,,,,,nan,,,,"14,685",6.08,89285.52960000001,3965458.75728542,0x3432B6A60D23Ca0dFCa7761B7ab56459D9C964D0,Frax Share,0.0225,0x2ff2353b96e43e6cf9d7d5dcd6d9aca6f564b642049190a327fd03678cbc2699,0x2f67b6b34bddb75c83440c41a29897ba528ad26bebdab4af8f17974c3a64d8ed,18457056.0,nan,107887.84097422968,
ETH+frxETH (0xa1F8…),nan,FXS,,,,,,nan,,,,"4,406",6.08,26790.912,1028307.4313690657,0x3432B6A60D23Ca0dFCa7761B7ab56459D9C964D0,Frax Share,0.0261,0x2ff2353b96e43e6cf9d7d5dcd6d9aca6f564b642049190a327fd03678cbc2699,0x2f67b6b34bddb75c83440c41a29897ba528ad26bebdab4af8f17974c3a64d8ed,18457056.0,nan,32372.69988048076,
stETH+frxETH (0x4d9f…),nan,FXS,,,,,,nan,,,,"2,973",6.08,18076.5696,693755.9066515947,0x3432B6A60D23Ca0dFCa7761B7ab56459D9C964D0,Frax Share,0.0261,0x2ff2353b96e43e6cf9d7d5dcd6d9aca6f564b642049190a327fd03678cbc2699,0x2f67b6b34bddb75c83440c41a29897ba528ad26bebdab4af8f17974c3a64d8ed,18457056.0,nan,21842.75632458582,
